insert into users (id, name, surname, email, password, registration_date) values (1, 'Nealon', 'Francisco', 'nfrancisco0@si.edu', 'PXDEd85PFP', '6/10/2019');
insert into users (id, name, surname, email, password, registration_date) values (2, 'Wyatt', 'Brunton', 'wbrunton1@php.net', 'Ulmlq6Ln', '2/1/2020');
insert into users (id, name, surname, email, password, registration_date) values (3, 'Elli', 'Woolveridge', 'ewoolveridge2@scribd.com', '0JKSkbU6QrcM', '2/5/2020');
insert into users (id, name, surname, email, password, registration_date) values (4, 'Donnamarie', 'Gooders', 'dgooders3@engadget.com', 'GpTBXYpubrvg', '5/6/2019');
insert into users (id, name, surname, email, password, registration_date) values (5, 'Leta', 'Gotmann', 'lgotmann4@e-recht24.de', 'Phm6zrrr', '11/19/2019');
insert into users (id, name, surname, email, password, registration_date) values (6, 'Aubrette', 'Murkus', 'amurkus5@kickstarter.com', 'Kx9xW5Nf', '12/30/2019');
insert into users (id, name, surname, email, password, registration_date) values (7, 'Jarvis', 'Von Der Empten', 'jvonderempten6@xinhuanet.com', 'cC26QP', '12/16/2019');
insert into users (id, name, surname, email, password, registration_date) values (8, 'Maria', 'Bemwell', 'mbemwell7@deviantart.com', 'TyZCITorAjZc', '2/21/2020');
insert into users (id, name, surname, email, password, registration_date) values (9, 'Brittney', 'Kondrat', 'bkondrat8@google.co.jp', 'D05Hrx8qWh', '9/8/2019');
insert into users (id, name, surname, email, password, registration_date) values (10, 'Sigmund', 'Farbrace', 'sfarbrace9@engadget.com', 'nPxZX2to3', '3/3/2020');
insert into users (id, name, surname, email, password, registration_date) values (11, 'Humberto', 'Saffer', 'hsaffera@msu.edu', 'sTZOSf4v2Gba', '11/5/2019');
insert into users (id, name, surname, email, password, registration_date) values (12, 'Norby', 'Strawbridge', 'nstrawbridgeb@netvibes.com', 'DYzZF87XBe', '3/11/2020');
insert into users (id, name, surname, email, password, registration_date) values (13, 'Holly', 'Marquot', 'hmarquotc@ustream.tv', 'WmgMaFOB', '6/12/2019');
insert into users (id, name, surname, email, password, registration_date) values (14, 'Addy', 'Summerhayes', 'asummerhayesd@stumbleupon.com', 'AvuhAl', '5/13/2019');
insert into users (id, name, surname, email, password, registration_date) values (15, 'Dud', 'Andrin', 'dandrine@about.com', 'LSLg4D', '2/8/2020');
insert into users (id, name, surname, email, password, registration_date) values (16, 'Sabine', 'Erat', 'seratf@webs.com', '7quRCI0K', '6/2/2019');
insert into users (id, name, surname, email, password, registration_date) values (17, 'Lonna', 'Oldroyde', 'loldroydeg@seattletimes.com', 'uwZamHVv6w', '6/13/2019');
insert into users (id, name, surname, email, password, registration_date) values (18, 'Fred', 'Sebyer', 'fsebyerh@nature.com', 'XBC3djyZ9', '3/10/2020');
insert into users (id, name, surname, email, password, registration_date) values (19, 'Garvey', 'Stanlike', 'gstanlikei@patch.com', 'Aju8YsZUM7AN', '6/14/2019');
insert into users (id, name, surname, email, password, registration_date) values (20, 'Ryley', 'Gorini', 'rgorinij@archive.org', 'zY0CfazjN', '11/22/2019');
insert into users (id, name, surname, email, password, registration_date) values (21, 'Trudey', 'Nesbitt', 'tnesbittk@usnews.com', 'SPcqBGuK', '4/6/2019');
insert into users (id, name, surname, email, password, registration_date) values (22, 'Frederigo', 'Dumbellow', 'fdumbellowl@umn.edu', '3PLmI4ZZry', '3/20/2020');
insert into users (id, name, surname, email, password, registration_date) values (23, 'Lida', 'Dolohunty', 'ldolohuntym@intel.com', 'ucdjnaO4doB', '3/26/2019');
insert into users (id, name, surname, email, password, registration_date) values (24, 'Eldridge', 'Denford', 'edenfordn@thetimes.co.uk', 'vi3fHmkpd', '11/20/2019');
insert into users (id, name, surname, email, password, registration_date) values (25, 'Frederigo', 'Skoggins', 'fskogginso@fc2.com', 'yxUucrdWiwj', '10/19/2019');
insert into users (id, name, surname, email, password, registration_date) values (26, 'Madalyn', 'Isselee', 'misseleep@rakuten.co.jp', 'VgDKIuakIOeV', '4/15/2019');
insert into users (id, name, surname, email, password, registration_date) values (27, 'Frazier', 'Saveall', 'fsaveallq@weibo.com', '5rKQ4toZIh', '8/16/2019');
insert into users (id, name, surname, email, password, registration_date) values (28, 'Tim', 'Gaskoin', 'tgaskoinr@cnet.com', 'dfdY3fG', '10/9/2019');
insert into users (id, name, surname, email, password, registration_date) values (29, 'Vita', 'Duffrie', 'vduffries@sphinn.com', '4BGXmJEmjFyo', '10/30/2019');
insert into users (id, name, surname, email, password, registration_date) values (30, 'Cristal', 'Skidmore', 'cskidmoret@jiathis.com', 'qokVG7HBoU4F', '6/3/2019');
insert into users (id, name, surname, email, password, registration_date) values (31, 'Ernest', 'Luckey', 'eluckeyu@icio.us', 'ENPv9x', '4/23/2019');
insert into users (id, name, surname, email, password, registration_date) values (32, 'Andrea', 'Gallimore', 'agallimorev@xrea.com', 'RrDuQW', '12/4/2019');
insert into users (id, name, surname, email, password, registration_date) values (33, 'Isador', 'MacCaffrey', 'imaccaffreyw@hao123.com', 'IpTdhqrLzBw', '8/29/2019');
insert into users (id, name, surname, email, password, registration_date) values (34, 'Reinaldo', 'Critchlow', 'rcritchlowx@fotki.com', 'utaspb68XO6J', '11/7/2019');
insert into users (id, name, surname, email, password, registration_date) values (35, 'Cloe', 'Farrington', 'cfarringtony@google.pl', 'JMHkJzsz', '1/17/2020');
insert into users (id, name, surname, email, password, registration_date) values (36, 'Ermentrude', 'Browne', 'ebrownez@usatoday.com', 'KkY6ymlb4', '2/27/2020');
insert into users (id, name, surname, email, password, registration_date) values (37, 'Sloane', 'Saggs', 'ssaggs10@dropbox.com', 'd3un8p', '11/21/2019');
insert into users (id, name, surname, email, password, registration_date) values (38, 'Derron', 'Dow', 'ddow11@seesaa.net', 'YE1y1bIe', '12/24/2019');
insert into users (id, name, surname, email, password, registration_date) values (39, 'Ingaborg', 'Northcott', 'inorthcott12@artisteer.com', 'pefXB90zpuyV', '5/12/2019');
insert into users (id, name, surname, email, password, registration_date) values (40, 'Willetta', 'Kiddy', 'wkiddy13@unicef.org', 'dzXxRY', '5/20/2019');
insert into users (id, name, surname, email, password, registration_date) values (41, 'Glynda', 'Talloe', 'gtalloe14@cocolog-nifty.com', 'CTv8DBecL', '3/30/2019');
insert into users (id, name, surname, email, password, registration_date) values (42, 'Aurore', 'Gepheart', 'agepheart15@freewebs.com', 'zLMbeR5J0l', '1/3/2020');
insert into users (id, name, surname, email, password, registration_date) values (43, 'Carlie', 'Wollers', 'cwollers16@smh.com.au', 'DzkvdoLDZ8', '6/15/2019');
insert into users (id, name, surname, email, password, registration_date) values (44, 'Ada', 'McVicar', 'amcvicar17@cmu.edu', 'R2m5Qhce5ElS', '12/25/2019');
insert into users (id, name, surname, email, password, registration_date) values (45, 'Corny', 'Brands', 'cbrands18@ebay.co.uk', 'eXc2CgaQWt1', '12/2/2019');
insert into users (id, name, surname, email, password, registration_date) values (46, 'Shirlee', 'Ladloe', 'sladloe19@yandex.ru', 'BGEOLkcb', '10/18/2019');
insert into users (id, name, surname, email, password, registration_date) values (47, 'Delcine', 'Houseley', 'dhouseley1a@spiegel.de', 'pfY03eku', '8/16/2019');
insert into users (id, name, surname, email, password, registration_date) values (48, 'Karel', 'Gadson', 'kgadson1b@omniture.com', '1ax8PnGr8Uf', '1/24/2020');
insert into users (id, name, surname, email, password, registration_date) values (49, 'Broderick', 'Olsson', 'bolsson1c@harvard.edu', 'Jqssu5kJWAVT', '12/8/2019');
insert into users (id, name, surname, email, password, registration_date) values (50, 'Sibel', 'Di Ruggiero', 'sdiruggiero1d@aboutads.info', 'aT0qCD2p0', '6/26/2019');
insert into users (id, name, surname, email, password, registration_date) values (51, 'Collete', 'Siddaley', 'csiddaley1e@unesco.org', 'wgS4If0', '9/21/2019');
insert into users (id, name, surname, email, password, registration_date) values (52, 'Sandy', 'Dinsale', 'sdinsale1f@fotki.com', 'vJsoCeaJHh', '6/19/2019');
insert into users (id, name, surname, email, password, registration_date) values (53, 'Modesta', 'Shires', 'mshires1g@sogou.com', 'fA4RhVpx7JSB', '7/31/2019');
insert into users (id, name, surname, email, password, registration_date) values (54, 'Nanete', 'Noye', 'nnoye1h@berkeley.edu', 'Bf4bfNX13pRy', '2/12/2020');
insert into users (id, name, surname, email, password, registration_date) values (55, 'Shel', 'Auton', 'sauton1i@typepad.com', 'kgnbDTmvbT', '7/9/2019');
insert into users (id, name, surname, email, password, registration_date) values (56, 'Lelah', 'Sends', 'lsends1j@icio.us', '00EXdxH2l', '4/18/2019');
insert into users (id, name, surname, email, password, registration_date) values (57, 'Kenny', 'MacAndie', 'kmacandie1k@prlog.org', 'avaSkN', '11/9/2019');
insert into users (id, name, surname, email, password, registration_date) values (58, 'Lin', 'Dunton', 'ldunton1l@bravesites.com', 'mMmA1T7', '9/7/2019');
insert into users (id, name, surname, email, password, registration_date) values (59, 'Claude', 'Habishaw', 'chabishaw1m@yolasite.com', 'xdVdignmpB9G', '12/19/2019');
insert into users (id, name, surname, email, password, registration_date) values (60, 'Conway', 'Giral', 'cgiral1n@lycos.com', 'm4pa7RYSq', '4/25/2019');
insert into users (id, name, surname, email, password, registration_date) values (61, 'Thoma', 'Romera', 'tromera1o@reuters.com', 'He9RYp', '10/15/2019');
insert into users (id, name, surname, email, password, registration_date) values (62, 'Rubin', 'Geipel', 'rgeipel1p@google.fr', 'xJYLktDq5', '5/25/2019');
insert into users (id, name, surname, email, password, registration_date) values (63, 'Alfie', 'Kleinhandler', 'akleinhandler1q@123-reg.co.uk', 'qhlKT0XFUEY', '2/5/2020');
insert into users (id, name, surname, email, password, registration_date) values (64, 'Clair', 'Telfer', 'ctelfer1r@google.nl', 'qaeQuz', '1/4/2020');
insert into users (id, name, surname, email, password, registration_date) values (65, 'Linnea', 'Petty', 'lpetty1s@mysql.com', 'FLRWG6', '6/23/2019');
insert into users (id, name, surname, email, password, registration_date) values (66, 'Washington', 'Versey', 'wversey1t@cdbaby.com', 'AFu0LwRO', '6/11/2019');
insert into users (id, name, surname, email, password, registration_date) values (67, 'Cherin', 'Swadlen', 'cswadlen1u@cbc.ca', 'MMQEPIxTId52', '1/5/2020');
insert into users (id, name, surname, email, password, registration_date) values (68, 'Cleveland', 'Hellyer', 'chellyer1v@engadget.com', '5a4G2N19XG', '7/7/2019');
insert into users (id, name, surname, email, password, registration_date) values (69, 'Daria', 'Lemin', 'dlemin1w@yale.edu', 'IesGcHUkA', '10/30/2019');
insert into users (id, name, surname, email, password, registration_date) values (70, 'Annmaria', 'Fenlon', 'afenlon1x@surveymonkey.com', '3rEZg4l5MFU', '2/13/2020');
insert into users (id, name, surname, email, password, registration_date) values (71, 'Ame', 'Priter', 'apriter1y@privacy.gov.au', '6T6Wda', '3/28/2019');
insert into users (id, name, surname, email, password, registration_date) values (72, 'Imogene', 'Mellsop', 'imellsop1z@ucoz.com', 'wmGHNm', '12/28/2019');
insert into users (id, name, surname, email, password, registration_date) values (73, 'Shani', 'Crux', 'scrux20@nationalgeographic.com', 'OKlJoDbLud', '5/19/2019');
insert into users (id, name, surname, email, password, registration_date) values (74, 'Ripley', 'De Maria', 'rdemaria21@studiopress.com', 'QSV3ImFZr1N', '8/17/2019');
insert into users (id, name, surname, email, password, registration_date) values (75, 'Hetti', 'Caddick', 'hcaddick22@aol.com', 'HJPLM0sVJGZL', '1/25/2020');
insert into users (id, name, surname, email, password, registration_date) values (76, 'Stephanie', 'Creasey', 'screasey23@cmu.edu', 'hdj8gA8Ztx', '8/10/2019');
insert into users (id, name, surname, email, password, registration_date) values (77, 'Derick', 'Hannond', 'dhannond24@jiathis.com', 'mv2pvw8', '1/20/2020');
insert into users (id, name, surname, email, password, registration_date) values (78, 'Barnabas', 'Farryan', 'bfarryan25@microsoft.com', 'JMUWm2Y', '6/7/2019');
insert into users (id, name, surname, email, password, registration_date) values (79, 'Anita', 'Salman', 'asalman26@delicious.com', 'aDozUMFHMsl', '2/15/2020');
insert into users (id, name, surname, email, password, registration_date) values (80, 'Brockie', 'Gorhardt', 'bgorhardt27@nyu.edu', 'fTIU6HaDg', '12/21/2019');
insert into users (id, name, surname, email, password, registration_date) values (81, 'Aksel', 'Daoust', 'adaoust28@angelfire.com', 'JT1MWgS9tkU', '8/19/2019');
insert into users (id, name, surname, email, password, registration_date) values (82, 'Fayre', 'Durtnel', 'fdurtnel29@redcross.org', '9ExzEFqDr', '4/21/2019');
insert into users (id, name, surname, email, password, registration_date) values (83, 'Rebekkah', 'Reckless', 'rreckless2a@mysql.com', 'tdhdi6DcZ', '4/29/2019');
insert into users (id, name, surname, email, password, registration_date) values (84, 'Etty', 'Berriman', 'eberriman2b@jiathis.com', 'kIBzQwLMHna', '1/10/2020');
insert into users (id, name, surname, email, password, registration_date) values (85, 'Rosanna', 'Brando', 'rbrando2c@adobe.com', 'Mf7vHaSX2gl', '4/7/2019');
insert into users (id, name, surname, email, password, registration_date) values (86, 'Selia', 'Balderston', 'sbalderston2d@house.gov', 'OUw9Hs', '8/5/2019');
insert into users (id, name, surname, email, password, registration_date) values (87, 'Lyell', 'Corwin', 'lcorwin2e@ask.com', 'p86Bd7VD4g', '3/19/2020');
insert into users (id, name, surname, email, password, registration_date) values (88, 'Aldous', 'Roskilly', 'aroskilly2f@t.co', 'al6svmz32', '3/12/2020');
insert into users (id, name, surname, email, password, registration_date) values (89, 'Anne-corinne', 'Hotchkin', 'ahotchkin2g@accuweather.com', '3WK9byo', '12/3/2019');
insert into users (id, name, surname, email, password, registration_date) values (90, 'Quinn', 'Dungee', 'qdungee2h@theguardian.com', 'fyYvwoYa5x', '8/7/2019');
insert into users (id, name, surname, email, password, registration_date) values (91, 'Nicolina', 'Bumpass', 'nbumpass2i@google.fr', '0wdEErlL', '6/6/2019');
insert into users (id, name, surname, email, password, registration_date) values (92, 'Hortense', 'Furbank', 'hfurbank2j@reddit.com', '7j4xQ2ZnGPWA', '5/25/2019');
insert into users (id, name, surname, email, password, registration_date) values (93, 'Marney', 'Madelin', 'mmadelin2k@delicious.com', 'anPm3A', '11/20/2019');
insert into users (id, name, surname, email, password, registration_date) values (94, 'Wanids', 'Rampley', 'wrampley2l@utexas.edu', 'm4IK8emuY', '12/22/2019');
insert into users (id, name, surname, email, password, registration_date) values (95, 'Kirsten', 'Atwood', 'katwood2m@mtv.com', 'OH9HH8vGI', '8/13/2019');
insert into users (id, name, surname, email, password, registration_date) values (96, 'Dar', 'Elloit', 'delloit2n@last.fm', 'MtAPu6z5r', '10/21/2019');
insert into users (id, name, surname, email, password, registration_date) values (97, 'Tommy', 'Mort', 'tmort2o@ebay.com', 'H21fbfNB0', '10/6/2019');
insert into users (id, name, surname, email, password, registration_date) values (98, 'Claudian', 'MacFarlan', 'cmacfarlan2p@booking.com', 'S56N4kt0PtP', '1/16/2020');
insert into users (id, name, surname, email, password, registration_date) values (99, 'Brigida', 'McCulloch', 'bmcculloch2q@youtu.be', 'o2M7n0Ouam4H', '2/20/2020');
insert into users (id, name, surname, email, password, registration_date) values (100, 'Saw', 'Melsome', 'smelsome2r@yale.edu', 'vfxuKXDs', '8/5/2019');
insert into users (id, name, surname, email, password, registration_date) values (101, 'Lisette', 'Newarte', 'lnewarte2s@theatlantic.com', 'D0hqjKHf', '11/2/2019');
insert into users (id, name, surname, email, password, registration_date) values (102, 'Harli', 'Ledgeway', 'hledgeway2t@gnu.org', 'm2lekyNi', '3/21/2019');
insert into users (id, name, surname, email, password, registration_date) values (103, 'Norina', 'Kloss', 'nkloss2u@time.com', '5kjs4FqNi', '3/16/2020');
insert into users (id, name, surname, email, password, registration_date) values (104, 'Brandea', 'Wiffield', 'bwiffield2v@vkontakte.ru', 'LJ7j7BE', '9/9/2019');
insert into users (id, name, surname, email, password, registration_date) values (105, 'Itch', 'De Gregorio', 'idegregorio2w@rambler.ru', 'y2yVc2BIHwF', '3/14/2020');
insert into users (id, name, surname, email, password, registration_date) values (106, 'Rorke', 'Waycott', 'rwaycott2x@dropbox.com', 'eE8erADbE0yk', '8/4/2019');
insert into users (id, name, surname, email, password, registration_date) values (107, 'Ericha', 'Barzen', 'ebarzen2y@naver.com', 'jHAZs2rsdte', '10/30/2019');
insert into users (id, name, surname, email, password, registration_date) values (108, 'Drusy', 'Osorio', 'dosorio2z@eepurl.com', 'qWvs0AjmN', '1/19/2020');
insert into users (id, name, surname, email, password, registration_date) values (109, 'Allayne', 'Sirey', 'asirey30@apache.org', 'g4Auu7TpuID', '1/21/2020');
insert into users (id, name, surname, email, password, registration_date) values (110, 'Parrnell', 'Cowperthwaite', 'pcowperthwaite31@spotify.com', 'hKcdntUE', '2/1/2020');
insert into users (id, name, surname, email, password, registration_date) values (111, 'Andrei', 'Spinola', 'aspinola32@discovery.com', '6ZNmxn', '3/25/2019');
insert into users (id, name, surname, email, password, registration_date) values (112, 'Rickie', 'Foulkes', 'rfoulkes33@qq.com', 'ersmVBT0', '5/25/2019');
insert into users (id, name, surname, email, password, registration_date) values (113, 'Hervey', 'Duchateau', 'hduchateau34@pbs.org', 'CoTsEUGMLG78', '11/21/2019');
insert into users (id, name, surname, email, password, registration_date) values (114, 'Nicolis', 'Pedlow', 'npedlow35@europa.eu', 'dBy4MKyAMGl', '1/13/2020');
insert into users (id, name, surname, email, password, registration_date) values (115, 'Carlotta', 'Walwood', 'cwalwood36@i2i.jp', 'wknpyCaOVTBe', '1/23/2020');
insert into users (id, name, surname, email, password, registration_date) values (116, 'Zena', 'Ludgate', 'zludgate37@hatena.ne.jp', 'ikgQy4uO', '9/30/2019');
insert into users (id, name, surname, email, password, registration_date) values (117, 'Theresita', 'Dainty', 'tdainty38@ustream.tv', 'eLc1mASnRUa', '2/20/2020');
insert into users (id, name, surname, email, password, registration_date) values (118, 'Brynne', 'Alten', 'balten39@springer.com', 'qRXwTFNBPTe', '5/31/2019');
insert into users (id, name, surname, email, password, registration_date) values (119, 'Herbert', 'Brinson', 'hbrinson3a@spiegel.de', 'x38NJYDlfU', '7/2/2019');
insert into users (id, name, surname, email, password, registration_date) values (120, 'Giacinta', 'Hullins', 'ghullins3b@multiply.com', 'dcuDre', '6/29/2019');
insert into users (id, name, surname, email, password, registration_date) values (121, 'Garwin', 'Hockey', 'ghockey3c@comsenz.com', 'uiWPUIUhdXHm', '5/6/2019');
insert into users (id, name, surname, email, password, registration_date) values (122, 'Ella', 'Harradine', 'eharradine3d@narod.ru', 'i2qOsc', '9/7/2019');
insert into users (id, name, surname, email, password, registration_date) values (123, 'Tiffy', 'MacVay', 'tmacvay3e@pinterest.com', 'HEqv2omI', '6/19/2019');
insert into users (id, name, surname, email, password, registration_date) values (124, 'Lenci', 'Dine-Hart', 'ldinehart3f@nih.gov', 'y0Gpo7IBX9N3', '5/11/2019');
insert into users (id, name, surname, email, password, registration_date) values (125, 'Jodie', 'Ferencowicz', 'jferencowicz3g@deliciousdays.com', '0w6a54iP', '1/4/2020');
insert into users (id, name, surname, email, password, registration_date) values (126, 'Gauthier', 'O''Doogan', 'godoogan3h@com.com', 'ZHJ1IKeK3', '9/1/2019');
insert into users (id, name, surname, email, password, registration_date) values (127, 'Angie', 'Cancellieri', 'acancellieri3i@geocities.jp', 'WSKvhLQP86PV', '5/30/2019');
insert into users (id, name, surname, email, password, registration_date) values (128, 'Mallissa', 'Chessum', 'mchessum3j@ebay.co.uk', 'dbuBSn', '10/29/2019');
insert into users (id, name, surname, email, password, registration_date) values (129, 'Dolly', 'Kopps', 'dkopps3k@prnewswire.com', '6yWl1p', '11/13/2019');
insert into users (id, name, surname, email, password, registration_date) values (130, 'Constancia', 'Hovy', 'chovy3l@vkontakte.ru', 'HDh8Es', '7/19/2019');
insert into users (id, name, surname, email, password, registration_date) values (131, 'Darrick', 'Hugk', 'dhugk3m@baidu.com', 'ZsJsHSlOt5Q', '2/7/2020');
insert into users (id, name, surname, email, password, registration_date) values (132, 'Aloysius', 'Fansy', 'afansy3n@epa.gov', 'Zt5AiX', '11/5/2019');
insert into users (id, name, surname, email, password, registration_date) values (133, 'Garland', 'Obell', 'gobell3o@livejournal.com', '16ZfGD', '3/7/2020');
insert into users (id, name, surname, email, password, registration_date) values (134, 'Ede', 'Yakebowitch', 'eyakebowitch3p@quantcast.com', 'RJP7EKFYcr', '2/11/2020');
insert into users (id, name, surname, email, password, registration_date) values (135, 'Kellie', 'Mellhuish', 'kmellhuish3q@economist.com', 'z3QcX3g6nNyJ', '8/1/2019');
insert into users (id, name, surname, email, password, registration_date) values (136, 'Glory', 'Maslin', 'gmaslin3r@mozilla.com', 'LrByIIP', '7/23/2019');
insert into users (id, name, surname, email, password, registration_date) values (137, 'Terri', 'Vaud', 'tvaud3s@google.cn', 'YYHm8UCkLH', '5/5/2019');
insert into users (id, name, surname, email, password, registration_date) values (138, 'Molly', 'Starton', 'mstarton3t@trellian.com', 'mw5z6N9wrjfw', '10/2/2019');
insert into users (id, name, surname, email, password, registration_date) values (139, 'Barbara-anne', 'Romagnosi', 'bromagnosi3u@alibaba.com', 'JCNBCPO7kvz', '9/27/2019');
insert into users (id, name, surname, email, password, registration_date) values (140, 'Niki', 'Limbourne', 'nlimbourne3v@wunderground.com', 'ivMLJXWB9', '6/20/2019');
insert into users (id, name, surname, email, password, registration_date) values (141, 'Albertine', 'Ortmann', 'aortmann3w@latimes.com', '2PCRs0K1b', '5/12/2019');
insert into users (id, name, surname, email, password, registration_date) values (142, 'Raimondo', 'Pizzie', 'rpizzie3x@nbcnews.com', 'JpwbDpYrih2', '4/20/2019');
insert into users (id, name, surname, email, password, registration_date) values (143, 'Drucill', 'Mayow', 'dmayow3y@jigsy.com', 'UuMPbzd', '1/18/2020');
insert into users (id, name, surname, email, password, registration_date) values (144, 'Abran', 'Axtonne', 'aaxtonne3z@netlog.com', 'xsMfAT', '5/4/2019');
insert into users (id, name, surname, email, password, registration_date) values (145, 'Wyn', 'Sorby', 'wsorby40@pen.io', 'D0ZA4IJrSAHZ', '12/8/2019');
insert into users (id, name, surname, email, password, registration_date) values (146, 'Hernando', 'Koschek', 'hkoschek41@twitter.com', 'jY2MnN2Ft9z', '12/24/2019');
insert into users (id, name, surname, email, password, registration_date) values (147, 'Ailsun', 'Cogger', 'acogger42@skype.com', 'PiW3MIQXM', '11/27/2019');
insert into users (id, name, surname, email, password, registration_date) values (148, 'Nanette', 'Racine', 'nracine43@vimeo.com', 'AEUamy', '4/8/2019');
insert into users (id, name, surname, email, password, registration_date) values (149, 'Krisha', 'Paxman', 'kpaxman44@mtv.com', 'wtEFvkq', '3/26/2019');
insert into users (id, name, surname, email, password, registration_date) values (150, 'Brenn', 'Hewins', 'bhewins45@1und1.de', 'IwEyMqfp', '4/14/2019');
insert into users (id, name, surname, email, password, registration_date) values (151, 'Eilis', 'Skyrm', 'eskyrm46@newyorker.com', '2n0KrhhjO6Vo', '7/19/2019');
insert into users (id, name, surname, email, password, registration_date) values (152, 'Garrick', 'Peachman', 'gpeachman47@bigcartel.com', 'NrRQZPgp7Sj', '12/24/2019');
insert into users (id, name, surname, email, password, registration_date) values (153, 'Tull', 'Cowlishaw', 'tcowlishaw48@wisc.edu', '7vmQhNfxqNH', '10/14/2019');
insert into users (id, name, surname, email, password, registration_date) values (154, 'Myrwyn', 'Sheach', 'msheach49@jugem.jp', 'P3hF3E9fVA3g', '9/17/2019');
insert into users (id, name, surname, email, password, registration_date) values (155, 'Molli', 'Coppen', 'mcoppen4a@guardian.co.uk', 'JGJUwChR', '10/11/2019');
insert into users (id, name, surname, email, password, registration_date) values (156, 'Brigit', 'Hagston', 'bhagston4b@jigsy.com', 'hizTiupH8', '2/23/2020');
insert into users (id, name, surname, email, password, registration_date) values (157, 'Madeleine', 'Braybrooks', 'mbraybrooks4c@simplemachines.org', 'gcYpvaK', '10/22/2019');
insert into users (id, name, surname, email, password, registration_date) values (158, 'Kareem', 'Izakov', 'kizakov4d@cocolog-nifty.com', '95BLJvFc', '7/26/2019');
insert into users (id, name, surname, email, password, registration_date) values (159, 'Marlow', 'Mackneis', 'mmackneis4e@jigsy.com', 'HaSyaf5omY', '2/10/2020');
insert into users (id, name, surname, email, password, registration_date) values (160, 'Koren', 'Christopher', 'kchristopher4f@wikispaces.com', 'MISBVmhH4f8', '5/21/2019');
insert into users (id, name, surname, email, password, registration_date) values (161, 'Sandie', 'Beardall', 'sbeardall4g@gizmodo.com', 'AR41bhcH', '9/20/2019');
insert into users (id, name, surname, email, password, registration_date) values (162, 'Isidro', 'Bowgen', 'ibowgen4h@google.es', 'YaThHKfYt1y9', '3/19/2020');
insert into users (id, name, surname, email, password, registration_date) values (163, 'Lorilyn', 'Jossum', 'ljossum4i@reverbnation.com', 'ZU348AnW', '10/14/2019');
insert into users (id, name, surname, email, password, registration_date) values (164, 'Miranda', 'Tattersall', 'mtattersall4j@is.gd', '8CaGwBuZicvu', '10/5/2019');
insert into users (id, name, surname, email, password, registration_date) values (165, 'Shay', 'Barthod', 'sbarthod4k@de.vu', '7Rz9vkG', '11/27/2019');
insert into users (id, name, surname, email, password, registration_date) values (166, 'Jeremie', 'Gniewosz', 'jgniewosz4l@yellowbook.com', 'ODHKajZMGy', '6/12/2019');
insert into users (id, name, surname, email, password, registration_date) values (167, 'Christy', 'Beining', 'cbeining4m@bravesites.com', '84rFwWt', '5/22/2019');
insert into users (id, name, surname, email, password, registration_date) values (168, 'Greta', 'Bonniface', 'gbonniface4n@java.com', 'yp0d7jJnhx', '5/20/2019');
insert into users (id, name, surname, email, password, registration_date) values (169, 'Suzi', 'de Guerre', 'sdeguerre4o@soundcloud.com', 'NQrCrcP89', '2/14/2020');
insert into users (id, name, surname, email, password, registration_date) values (170, 'Cosimo', 'Fellow', 'cfellow4p@cnet.com', 'uih8pW7', '2/12/2020');
insert into users (id, name, surname, email, password, registration_date) values (171, 'Kandace', 'Brick', 'kbrick4q@eepurl.com', 'pk5SDgB87', '8/22/2019');
insert into users (id, name, surname, email, password, registration_date) values (172, 'Benji', 'Imlen', 'bimlen4r@com.com', 'mmi8zm7upN', '8/9/2019');
insert into users (id, name, surname, email, password, registration_date) values (173, 'Myrtie', 'Camilleri', 'mcamilleri4s@sourceforge.net', 'MofVnbIa', '2/7/2020');
insert into users (id, name, surname, email, password, registration_date) values (174, 'Joete', 'Mitcheson', 'jmitcheson4t@cnet.com', 'LCDVstWLn', '7/14/2019');
insert into users (id, name, surname, email, password, registration_date) values (175, 'Fowler', 'Vassman', 'fvassman4u@hud.gov', 'WcTUTHN', '2/14/2020');
insert into users (id, name, surname, email, password, registration_date) values (176, 'Gwendolyn', 'Ottery', 'gottery4v@amazon.com', 'UkbvHnE0TA', '10/17/2019');
insert into users (id, name, surname, email, password, registration_date) values (177, 'Sebastian', 'Danilishin', 'sdanilishin4w@spiegel.de', 'qR3Gad', '1/20/2020');
insert into users (id, name, surname, email, password, registration_date) values (178, 'Elmer', 'Weems', 'eweems4x@wufoo.com', 'G6SFEs0nZqR', '9/7/2019');
insert into users (id, name, surname, email, password, registration_date) values (179, 'Henrie', 'Bools', 'hbools4y@boston.com', 'nIUIOSyogSjW', '8/10/2019');
insert into users (id, name, surname, email, password, registration_date) values (180, 'Moishe', 'Neumann', 'mneumann4z@admin.ch', 'L7iVEY', '8/25/2019');
insert into users (id, name, surname, email, password, registration_date) values (181, 'Corrie', 'Windram', 'cwindram50@360.cn', '2QsM1V6z6', '1/7/2020');
insert into users (id, name, surname, email, password, registration_date) values (182, 'Reina', 'Schiesterl', 'rschiesterl51@hibu.com', 'xLKRLvv9e', '10/17/2019');
insert into users (id, name, surname, email, password, registration_date) values (183, 'Dianemarie', 'Randerson', 'dranderson52@whitehouse.gov', '1tGVgloQE', '1/25/2020');
insert into users (id, name, surname, email, password, registration_date) values (184, 'Isadore', 'Mcmanaman', 'imcmanaman53@webnode.com', 'DP6ALct2U0b', '8/13/2019');
insert into users (id, name, surname, email, password, registration_date) values (185, 'Guillermo', 'MacBey', 'gmacbey54@ehow.com', 'QaJVQE', '5/1/2019');
insert into users (id, name, surname, email, password, registration_date) values (186, 'Minna', 'Hub', 'mhub55@sohu.com', 'AOsmhPgUjs', '9/6/2019');
insert into users (id, name, surname, email, password, registration_date) values (187, 'Parnell', 'Lean', 'plean56@usnews.com', 'k1fWjEn9Iuu', '7/12/2019');
insert into users (id, name, surname, email, password, registration_date) values (188, 'Bennie', 'Bryson', 'bbryson57@adobe.com', 'FGBAf98KiW', '10/21/2019');
insert into users (id, name, surname, email, password, registration_date) values (189, 'Belvia', 'Kenington', 'bkenington58@typepad.com', 'B7lPB7VgTy', '9/16/2019');
insert into users (id, name, surname, email, password, registration_date) values (190, 'Redford', 'Zapater', 'rzapater59@yolasite.com', 'v8wNg8Blp', '11/22/2019');
insert into users (id, name, surname, email, password, registration_date) values (191, 'Stefa', 'McGilvary', 'smcgilvary5a@thetimes.co.uk', 'OFymVAK9oEL', '11/29/2019');
insert into users (id, name, surname, email, password, registration_date) values (192, 'Parker', 'Jendas', 'pjendas5b@printfriendly.com', 'lfARxnPQVy', '3/11/2020');
insert into users (id, name, surname, email, password, registration_date) values (193, 'Papageno', 'Mickan', 'pmickan5c@google.com.br', 'INgMLEY', '4/22/2019');
insert into users (id, name, surname, email, password, registration_date) values (194, 'Felike', 'Gully', 'fgully5d@hibu.com', 'OL4AshvppTaE', '3/16/2020');
insert into users (id, name, surname, email, password, registration_date) values (195, 'Gradeigh', 'Dorbon', 'gdorbon5e@cornell.edu', 'nV766aehwDS', '4/2/2019');
insert into users (id, name, surname, email, password, registration_date) values (196, 'Sonni', 'Terbrug', 'sterbrug5f@usatoday.com', 'EHU6TPhf5r', '2/9/2020');
insert into users (id, name, surname, email, password, registration_date) values (197, 'Benn', 'Pasfield', 'bpasfield5g@ovh.net', 'xdsW2F3j', '9/16/2019');
insert into users (id, name, surname, email, password, registration_date) values (198, 'Charissa', 'Pollastrino', 'cpollastrino5h@umich.edu', 'HWaLSFWg', '8/2/2019');
insert into users (id, name, surname, email, password, registration_date) values (199, 'Giulietta', 'Sterling', 'gsterling5i@narod.ru', 'SjPkRT', '11/10/2019');
insert into users (id, name, surname, email, password, registration_date) values (200, 'Stafani', 'Gammell', 'sgammell5j@ehow.com', 'l7pipLQoQ', '1/16/2020');
insert into users (id, name, surname, email, password, registration_date) values (201, 'Dori', 'Urvoy', 'durvoy5k@nymag.com', 'yLiLWHbk', '11/19/2019');
insert into users (id, name, surname, email, password, registration_date) values (202, 'Carmine', 'Friberg', 'cfriberg5l@si.edu', 'YtzBhd', '5/13/2019');
insert into users (id, name, surname, email, password, registration_date) values (203, 'Amalia', 'Briton', 'abriton5m@tumblr.com', 'ujw25zsyy8E', '11/8/2019');
insert into users (id, name, surname, email, password, registration_date) values (204, 'Carny', 'Vipan', 'cvipan5n@ning.com', 'W6kMOf', '12/5/2019');
insert into users (id, name, surname, email, password, registration_date) values (205, 'Port', 'Yashaev', 'pyashaev5o@adobe.com', 'PXQ2NuSd5jN', '12/13/2019');
insert into users (id, name, surname, email, password, registration_date) values (206, 'Jodi', 'Clemendet', 'jclemendet5p@google.com', '40uw0Z0Ue', '7/8/2019');
insert into users (id, name, surname, email, password, registration_date) values (207, 'Tyne', 'Morrissey', 'tmorrissey5q@ted.com', 'mgM8fC', '10/18/2019');
insert into users (id, name, surname, email, password, registration_date) values (208, 'Sandor', 'Kabos', 'skabos5r@topsy.com', 'ipMj5H0q', '11/27/2019');
insert into users (id, name, surname, email, password, registration_date) values (209, 'Johna', 'Taft', 'jtaft5s@arstechnica.com', 'qOkDpo3', '3/31/2019');
insert into users (id, name, surname, email, password, registration_date) values (210, 'Eydie', 'Vanetti', 'evanetti5t@fda.gov', '0hpHos', '2/5/2020');
insert into users (id, name, surname, email, password, registration_date) values (211, 'Allie', 'Farfoot', 'afarfoot5u@examiner.com', 'pRrI5fFkBUdg', '11/2/2019');
insert into users (id, name, surname, email, password, registration_date) values (212, 'Colan', 'Sergant', 'csergant5v@ucoz.ru', 'R1ufHIJ', '6/8/2019');
insert into users (id, name, surname, email, password, registration_date) values (213, 'Emlynn', 'Sepey', 'esepey5w@last.fm', 'Whe93covTSN', '7/23/2019');
insert into users (id, name, surname, email, password, registration_date) values (214, 'Arnie', 'Base', 'abase5x@bigcartel.com', '2A5vEz2g', '2/28/2020');
insert into users (id, name, surname, email, password, registration_date) values (215, 'Jaimie', 'Pollak', 'jpollak5y@chronoengine.com', 'sRcV7OatK', '5/19/2019');
insert into users (id, name, surname, email, password, registration_date) values (216, 'Evaleen', 'Sinkin', 'esinkin5z@statcounter.com', 'VKJjx6', '5/5/2019');
insert into users (id, name, surname, email, password, registration_date) values (217, 'Giffer', 'Roberto', 'groberto60@vk.com', 'eH7sIF', '8/19/2019');
insert into users (id, name, surname, email, password, registration_date) values (218, 'Virgie', 'Mazzilli', 'vmazzilli61@theglobeandmail.com', 'moLQNR', '5/17/2019');
insert into users (id, name, surname, email, password, registration_date) values (219, 'Alexandro', 'Mellonby', 'amellonby62@cnet.com', 'afRMEbGFI', '1/1/2020');
insert into users (id, name, surname, email, password, registration_date) values (220, 'Simonne', 'Filintsev', 'sfilintsev63@nyu.edu', 'p77VyUPm', '10/25/2019');
insert into users (id, name, surname, email, password, registration_date) values (221, 'Kip', 'Spandley', 'kspandley64@google.com.hk', 'FaZ8NXnIr', '11/12/2019');
insert into users (id, name, surname, email, password, registration_date) values (222, 'Rosalia', 'Cliff', 'rcliff65@ustream.tv', 'DpsYffyYCR', '5/29/2019');
insert into users (id, name, surname, email, password, registration_date) values (223, 'Darwin', 'Martinets', 'dmartinets66@livejournal.com', 'kcj8mQ0H3h', '11/18/2019');
insert into users (id, name, surname, email, password, registration_date) values (224, 'Cindi', 'Giscken', 'cgiscken67@hexun.com', 'zxgWFlmBeka', '2/14/2020');
insert into users (id, name, surname, email, password, registration_date) values (225, 'Millisent', 'Autry', 'mautry68@statcounter.com', '3tdpKn2', '10/20/2019');
insert into users (id, name, surname, email, password, registration_date) values (226, 'Vladamir', 'Bricknall', 'vbricknall69@spiegel.de', '9foZrx8VplAH', '10/11/2019');
insert into users (id, name, surname, email, password, registration_date) values (227, 'Renate', 'Johnston', 'rjohnston6a@goodreads.com', 'wSkPvj', '9/25/2019');
insert into users (id, name, surname, email, password, registration_date) values (228, 'Jereme', 'Auchterlonie', 'jauchterlonie6b@globo.com', 'ibGZac', '5/17/2019');
insert into users (id, name, surname, email, password, registration_date) values (229, 'Kearney', 'Attawell', 'kattawell6c@w3.org', 'ROg2j3vjz3YR', '7/14/2019');
insert into users (id, name, surname, email, password, registration_date) values (230, 'Quinlan', 'Kupper', 'qkupper6d@forbes.com', '5eFYVW85wCn', '11/10/2019');
insert into users (id, name, surname, email, password, registration_date) values (231, 'Ulrike', 'Winfindine', 'uwinfindine6e@oakley.com', '3pEwlI', '11/22/2019');
insert into users (id, name, surname, email, password, registration_date) values (232, 'Eliza', 'Ailward', 'eailward6f@virginia.edu', 'LCCefibGIUZO', '3/6/2020');
insert into users (id, name, surname, email, password, registration_date) values (233, 'Stanislaus', 'Cowpland', 'scowpland6g@eventbrite.com', 'NzZmlVQ', '10/28/2019');
insert into users (id, name, surname, email, password, registration_date) values (234, 'Kandy', 'Ockleshaw', 'kockleshaw6h@e-recht24.de', 'LT860ApuE0wT', '3/16/2020');
insert into users (id, name, surname, email, password, registration_date) values (235, 'Jimmie', 'Flanders', 'jflanders6i@nifty.com', '4W7xC7SqKB8e', '1/8/2020');
insert into users (id, name, surname, email, password, registration_date) values (236, 'Katharine', 'De Leek', 'kdeleek6j@tumblr.com', 'BHxTl0yVam', '11/20/2019');
insert into users (id, name, surname, email, password, registration_date) values (237, 'Bette', 'Seivwright', 'bseivwright6k@deliciousdays.com', 'N7qlHAVrp', '11/29/2019');
insert into users (id, name, surname, email, password, registration_date) values (238, 'Dawn', 'Gebhard', 'dgebhard6l@mtv.com', 'UtN3N4XkLhcu', '7/31/2019');
insert into users (id, name, surname, email, password, registration_date) values (239, 'Tory', 'Boatwright', 'tboatwright6m@cnet.com', '8MCLxk0GUaL', '12/4/2019');
insert into users (id, name, surname, email, password, registration_date) values (240, 'Margit', 'Lees', 'mlees6n@patch.com', 'YvcGfa', '1/10/2020');
insert into users (id, name, surname, email, password, registration_date) values (241, 'Corrinne', 'Standen', 'cstanden6o@tuttocitta.it', 'BUZSr12UdXHi', '8/22/2019');
insert into users (id, name, surname, email, password, registration_date) values (242, 'Christan', 'Scripture', 'cscripture6p@myspace.com', 'Bxs4g89vv', '9/28/2019');
insert into users (id, name, surname, email, password, registration_date) values (243, 'Erasmus', 'Giffard', 'egiffard6q@forbes.com', 'EuwvsWBz', '3/9/2020');
insert into users (id, name, surname, email, password, registration_date) values (244, 'Robinette', 'Stowe', 'rstowe6r@hostgator.com', 'eCo1KSFFg', '7/10/2019');
insert into users (id, name, surname, email, password, registration_date) values (245, 'Christos', 'Hoult', 'choult6s@discovery.com', 'V8483XYVbkVM', '6/10/2019');
insert into users (id, name, surname, email, password, registration_date) values (246, 'Sandro', 'Shepherdson', 'sshepherdson6t@amazonaws.com', '9PPBQu7sG3e', '6/24/2019');

insert into freelancers (name, surname, email, password, registration_date, freelance_id, alias, description) values ('Candis', 'Weathers', 'cweathers0@sakura.ne.jp', 'TAUkqkX', '12/23/2019', 1, 'cweathers0', 'vestibulum quam sapien varius ut blandit non interdum in ante vestibulum ante ipsum primis in faucibus orci luctus et ultrices posuere cubilia curae duis faucibus');
insert into freelancers (name, surname, email, password, registration_date, freelance_id, alias, description) values ('Granville', 'Baird', 'gbaird1@mail.ru', 'lWIw3lEDZa2u', '10/28/2019', 2, 'gbaird1', 'viverra eget congue eget semper rutrum nulla nunc purus phasellus in felis donec semper sapien a libero nam dui proin leo odio porttitor id consequat in consequat ut nulla sed accumsan felis ut at');
insert into freelancers (name, surname, email, password, registration_date, freelance_id, alias, description) values ('Joletta', 'Scholcroft', 'jscholcroft2@house.gov', 'Q7V9gOK7gzS', '4/28/2019', 3, 'jscholcroft2', 'metus vitae ipsum aliquam non mauris morbi non lectus aliquam sit amet diam in magna bibendum imperdiet nullam orci pede venenatis non sodales sed tincidunt eu felis fusce posuere felis sed lacus morbi sem mauris laoreet');
insert into freelancers (name, surname, email, password, registration_date, freelance_id, alias, description) values ('Nickolas', 'Yatman', 'nyatman3@thetimes.co.uk', 'zDW5c9goKs', '6/27/2019', 4, 'nyatman3', 'tortor quis turpis sed ante vivamus tortor duis mattis egestas metus aenean fermentum donec ut mauris eget massa tempor convallis nulla neque libero convallis eget eleifend luctus ultricies eu nibh quisque id justo');
insert into freelancers (name, surname, email, password, registration_date, freelance_id, alias, description) values ('Goldy', 'Trusdale', 'gtrusdale4@a8.net', 'Putv3VI', '10/18/2019', 5, 'gtrusdale4', 'tellus in sagittis dui vel nisl duis ac nibh fusce lacus purus aliquet at feugiat non pretium quis lectus suspendisse potenti in eleifend');
insert into freelancers (name, surname, email, password, registration_date, freelance_id, alias, description) values ('Towny', 'Crop', 'tcrop5@ted.com', 'mXCuQL4', '7/16/2019', 6, 'tcrop5', 'quam sollicitudin vitae consectetuer eget rutrum at lorem integer tincidunt ante vel ipsum praesent blandit lacinia erat vestibulum sed magna at nunc commodo placerat praesent blandit nam nulla integer pede justo lacinia eget tincidunt eget tempus vel pede morbi porttitor lorem id ligula suspendisse ornare consequat lectus in est risus auctor sed tristique in tempus sit amet sem fusce consequat nulla nisl nunc nisl duis bibendum felis sed interdum venenatis turpis enim blandit mi in');
insert into freelancers (name, surname, email, password, registration_date, freelance_id, alias, description) values ('Alasdair', 'Lednor', 'alednor6@merriam-webster.com', 'NWvxM17r', '11/3/2019', 7, 'alednor6', 'volutpat sapien arcu sed augue aliquam erat volutpat in congue etiam justo etiam pretium iaculis justo in hac habitasse platea dictumst etiam faucibus cursus urna ut tellus nulla ut erat id mauris vulputate elementum nullam varius nulla facilisi cras non velit nec nisi vulputate');
insert into freelancers (name, surname, email, password, registration_date, freelance_id, alias, description) values ('Jackie', 'Melsome', 'jmelsome7@example.com', 'Y20pBUjN7', '10/26/2019', 8, 'jmelsome7', 'turpis eget elit sodales scelerisque mauris sit amet eros suspendisse accumsan tortor quis turpis sed ante vivamus tortor duis mattis egestas metus aenean fermentum donec ut mauris eget massa tempor convallis nulla neque libero convallis');
insert into freelancers (name, surname, email, password, registration_date, freelance_id, alias, description) values ('Lyndy', 'Chieco', 'lchieco8@de.vu', '3d7M2eVIk1SB', '11/30/2019', 9, 'lchieco8', 'vel accumsan tellus nisi eu orci mauris lacinia sapien quis libero nullam sit');
insert into freelancers (name, surname, email, password, registration_date, freelance_id, alias, description) values ('Bernadine', 'Taffs', 'btaffs9@seattletimes.com', 'Nh3ba1E', '10/25/2019', 10, 'btaffs9', 'non quam nec dui luctus rutrum nulla tellus in sagittis dui vel nisl duis ac nibh fusce lacus purus aliquet at feugiat non pretium quis lectus suspendisse potenti in eleifend quam a odio in hac habitasse platea dictumst maecenas ut massa quis augue luctus tincidunt nulla mollis molestie lorem quisque ut erat curabitur gravida nisi at nibh in hac habitasse platea dictumst aliquam augue quam sollicitudin vitae consectetuer eget rutrum at lorem integer tincidunt ante vel ipsum praesent');
insert into freelancers (name, surname, email, password, registration_date, freelance_id, alias, description) values ('Alic', 'Leithgoe', 'aleithgoea@dedecms.com', 'n1ldkf6', '9/21/2019', 11, 'aleithgoea', 'platea dictumst etiam faucibus cursus urna ut tellus nulla ut erat id mauris');
insert into freelancers (name, surname, email, password, registration_date, freelance_id, alias, description) values ('Helene', 'Clemenzi', 'hclemenzib@spotify.com', 'xAiW70Sd', '1/13/2020', 12, 'hclemenzib', 'consequat nulla nisl nunc nisl duis bibendum felis sed interdum venenatis');
insert into freelancers (name, surname, email, password, registration_date, freelance_id, alias, description) values ('Sherwynd', 'Sherbourne', 'ssherbournec@free.fr', 'paSM1PohYxK', '12/5/2019', 13, 'ssherbournec', 'in consequat ut nulla sed accumsan felis ut at dolor quis odio consequat varius integer ac leo pellentesque ultrices');
insert into freelancers (name, surname, email, password, registration_date, freelance_id, alias, description) values ('Dominick', 'Ceaser', 'dceaserd@nifty.com', 'k8YMI8', '9/19/2019', 14, 'dceaserd', 'metus vitae ipsum aliquam non mauris morbi non lectus aliquam sit amet diam in magna bibendum imperdiet nullam orci pede venenatis non sodales sed');
insert into freelancers (name, surname, email, password, registration_date, freelance_id, alias, description) values ('Brade', 'MacArd', 'bmacarde@unc.edu', 'rbZOyVYiL', '5/3/2019', 15, 'bmacarde', 'et magnis dis parturient montes nascetur ridiculus mus vivamus vestibulum sagittis sapien cum sociis natoque penatibus et magnis dis parturient montes nascetur ridiculus mus etiam vel augue vestibulum rutrum rutrum neque aenean auctor gravida sem praesent id massa id nisl venenatis lacinia aenean sit amet justo morbi ut odio cras mi pede malesuada in imperdiet et commodo vulputate justo in blandit ultrices enim lorem ipsum dolor sit amet consectetuer adipiscing elit proin interdum mauris non ligula pellentesque ultrices phasellus id sapien in sapien iaculis congue vivamus metus arcu adipiscing');
insert into freelancers (name, surname, email, password, registration_date, freelance_id, alias, description) values ('Cherye', 'Lohmeyer', 'clohmeyerf@fda.gov', 'sttWY0pzuKs', '1/15/2020', 16, 'clohmeyerf', 'aliquam quis turpis eget elit sodales scelerisque mauris sit amet eros suspendisse accumsan tortor quis turpis sed ante vivamus tortor duis mattis egestas metus aenean fermentum donec ut mauris eget massa tempor convallis nulla neque libero convallis eget eleifend luctus ultricies eu nibh quisque id justo sit amet sapien dignissim vestibulum vestibulum ante ipsum primis in faucibus orci luctus et ultrices posuere cubilia curae nulla dapibus dolor vel est donec odio justo sollicitudin ut suscipit a feugiat');
insert into freelancers (name, surname, email, password, registration_date, freelance_id, alias, description) values ('Luelle', 'Dubery', 'lduberyg@desdev.cn', 'LTtabUwXj2', '8/21/2019', 17, 'lduberyg', 'eu mi nulla ac enim in tempor turpis nec euismod scelerisque quam turpis adipiscing lorem vitae mattis nibh ligula nec sem duis aliquam convallis nunc proin at turpis a pede posuere nonummy integer non velit donec diam neque vestibulum eget vulputate ut ultrices vel augue vestibulum ante ipsum primis in faucibus');
insert into freelancers (name, surname, email, password, registration_date, freelance_id, alias, description) values ('Charlton', 'Whorton', 'cwhortonh@npr.org', 'bzi8kddq', '11/10/2019', 18, 'cwhortonh', 'nulla dapibus dolor vel est donec odio justo sollicitudin ut suscipit a feugiat et eros vestibulum ac est lacinia nisi venenatis tristique fusce congue diam id ornare imperdiet sapien urna pretium nisl ut volutpat sapien arcu sed augue aliquam erat volutpat in congue etiam justo etiam pretium iaculis justo in hac habitasse platea dictumst etiam faucibus cursus urna ut tellus nulla ut erat id mauris vulputate elementum nullam varius nulla facilisi cras non velit nec nisi vulputate nonummy maecenas tincidunt lacus at velit vivamus vel nulla eget eros elementum');
insert into freelancers (name, surname, email, password, registration_date, freelance_id, alias, description) values ('Ellery', 'Coaker', 'ecoakeri@google.de', '7C2QgE', '7/17/2019', 19, 'ecoakeri', 'nulla tellus in sagittis dui vel nisl duis ac nibh fusce lacus purus aliquet at feugiat non pretium quis lectus suspendisse potenti in eleifend quam a odio in hac habitasse platea dictumst maecenas ut massa quis augue luctus tincidunt nulla mollis molestie lorem quisque ut erat curabitur gravida nisi at nibh in hac habitasse platea dictumst aliquam augue quam sollicitudin vitae consectetuer eget rutrum at lorem integer tincidunt');
insert into freelancers (name, surname, email, password, registration_date, freelance_id, alias, description) values ('Petunia', 'McGloughlin', 'pmcgloughlinj@multiply.com', 'NC6Omi8XFA', '10/28/2019', 20, 'pmcgloughlinj', 'nascetur ridiculus mus vivamus vestibulum sagittis sapien cum sociis natoque penatibus et magnis dis parturient montes nascetur ridiculus mus etiam vel augue vestibulum rutrum rutrum neque aenean auctor gravida sem praesent id massa id nisl venenatis lacinia aenean sit amet justo morbi ut odio cras mi pede malesuada in imperdiet et commodo vulputate justo in blandit ultrices enim lorem ipsum dolor sit amet consectetuer adipiscing elit proin interdum mauris non ligula pellentesque ultrices phasellus id sapien in sapien iaculis congue vivamus metus arcu adipiscing');
insert into freelancers (name, surname, email, password, registration_date, freelance_id, alias, description) values ('Vicky', 'Bims', 'vbimsk@howstuffworks.com', 'W9Yp3iJILcR', '1/27/2020', 21, 'vbimsk', 'hac habitasse platea dictumst aliquam augue quam sollicitudin vitae consectetuer eget rutrum at lorem integer tincidunt ante vel ipsum praesent blandit lacinia erat vestibulum sed');
insert into freelancers (name, surname, email, password, registration_date, freelance_id, alias, description) values ('Miltie', 'Nowaczyk', 'mnowaczykl@soundcloud.com', '3VrxyEHC6w', '5/11/2019', 22, 'mnowaczykl', 'lorem ipsum dolor sit amet consectetuer adipiscing elit proin risus praesent lectus vestibulum quam sapien varius ut blandit non interdum in ante vestibulum ante ipsum primis in faucibus orci luctus et ultrices posuere cubilia curae duis faucibus accumsan odio curabitur convallis duis consequat dui nec nisi volutpat eleifend donec ut dolor morbi vel lectus in quam fringilla rhoncus mauris enim leo rhoncus sed vestibulum sit amet cursus id turpis integer aliquet massa');
insert into freelancers (name, surname, email, password, registration_date, freelance_id, alias, description) values ('Cassandra', 'Dunkinson', 'cdunkinsonm@miibeian.gov.cn', 'rvdIXksaRp', '11/21/2019', 23, 'cdunkinsonm', 'vel lectus in quam fringilla rhoncus mauris enim leo rhoncus sed vestibulum sit amet cursus id turpis integer aliquet massa id lobortis convallis tortor risus dapibus augue vel accumsan tellus nisi eu orci mauris lacinia sapien quis libero nullam sit amet turpis elementum ligula vehicula consequat morbi a ipsum integer a nibh in quis justo maecenas rhoncus aliquam lacus morbi quis tortor id nulla ultrices aliquet maecenas leo odio condimentum id luctus nec molestie sed justo pellentesque viverra pede ac diam cras pellentesque volutpat dui maecenas tristique est et tempus');
insert into freelancers (name, surname, email, password, registration_date, freelance_id, alias, description) values ('Alan', 'Clemintoni', 'aclemintonin@cbsnews.com', 'JsnY4PMFkNX', '4/5/2019', 24, 'aclemintonin', 'ligula suspendisse ornare consequat lectus in est risus auctor sed tristique in tempus sit amet sem fusce consequat nulla nisl nunc nisl duis bibendum felis sed interdum venenatis turpis enim blandit mi in porttitor pede justo eu massa donec dapibus duis at velit eu est congue elementum in');
insert into freelancers (name, surname, email, password, registration_date, freelance_id, alias, description) values ('Merci', 'Metzel', 'mmetzelo@1und1.de', '5kuyCA0TP', '8/12/2019', 25, 'mmetzelo', 'pede justo eu massa donec dapibus duis at velit eu est congue elementum in hac habitasse platea dictumst morbi vestibulum velit id pretium iaculis diam erat fermentum justo nec condimentum neque sapien placerat ante nulla justo aliquam quis turpis eget elit sodales scelerisque mauris sit amet eros suspendisse accumsan tortor quis turpis sed ante vivamus tortor duis mattis egestas metus aenean fermentum donec ut mauris eget massa tempor convallis nulla neque libero');
insert into freelancers (name, surname, email, password, registration_date, freelance_id, alias, description) values ('Dallis', 'Houtby', 'dhoutbyp@google.nl', '3xemh303mroa', '5/4/2019', 26, 'dhoutbyp', 'at vulputate vitae nisl aenean lectus pellentesque eget nunc donec quis orci eget orci vehicula condimentum curabitur in libero ut massa volutpat convallis morbi odio odio elementum eu interdum eu tincidunt in leo maecenas pulvinar lobortis est phasellus sit amet erat nulla tempus vivamus in felis eu sapien cursus vestibulum proin eu mi nulla ac enim in tempor turpis nec euismod scelerisque quam turpis adipiscing lorem vitae mattis nibh ligula nec sem duis aliquam convallis nunc proin at turpis a pede posuere nonummy integer non velit donec diam neque vestibulum eget vulputate ut ultrices vel augue vestibulum ante');
insert into freelancers (name, surname, email, password, registration_date, freelance_id, alias, description) values ('Crissie', 'Stollwerck', 'cstollwerckq@github.com', 'v06A3h1J0SIR', '4/16/2019', 27, 'cstollwerckq', 'ipsum primis in faucibus orci luctus et ultrices posuere cubilia curae donec pharetra magna vestibulum aliquet ultrices erat tortor sollicitudin mi sit amet lobortis sapien sapien non mi integer ac neque duis bibendum morbi non quam nec dui luctus rutrum nulla tellus in sagittis dui vel nisl duis ac nibh fusce lacus purus aliquet at feugiat non pretium quis lectus suspendisse potenti in eleifend quam a odio in hac habitasse platea dictumst maecenas ut massa quis augue luctus tincidunt nulla mollis');
insert into freelancers (name, surname, email, password, registration_date, freelance_id, alias, description) values ('Baron', 'Greg', 'bgregr@who.int', 'LNUgJUOJAq', '9/15/2019', 28, 'bgregr', 'montes nascetur ridiculus mus vivamus vestibulum sagittis sapien cum sociis natoque penatibus et magnis dis parturient montes nascetur ridiculus mus etiam vel augue vestibulum rutrum rutrum neque aenean auctor gravida sem praesent id massa id nisl venenatis lacinia aenean sit amet');
insert into freelancers (name, surname, email, password, registration_date, freelance_id, alias, description) values ('Josephina', 'Claus', 'jclauss@vinaora.com', 'UK2Ikh', '11/9/2019', 29, 'jclauss', 'erat tortor sollicitudin mi sit amet lobortis sapien sapien non mi integer ac neque duis bibendum morbi non quam nec dui luctus rutrum nulla tellus in sagittis dui vel nisl duis ac nibh fusce lacus purus aliquet at feugiat non pretium quis lectus suspendisse potenti in eleifend quam a odio in hac habitasse platea dictumst maecenas ut massa quis augue luctus tincidunt nulla mollis molestie lorem quisque ut erat curabitur gravida nisi at nibh in hac habitasse platea dictumst aliquam augue quam sollicitudin vitae consectetuer eget rutrum at lorem integer tincidunt ante vel ipsum praesent blandit lacinia erat');
insert into freelancers (name, surname, email, password, registration_date, freelance_id, alias, description) values ('Brennan', 'D''Aulby', 'bdaulbyt@europa.eu', 'zgFocnX', '6/3/2019', 30, 'bdaulbyt', 'bibendum felis sed interdum venenatis turpis enim blandit mi in porttitor pede justo eu massa donec dapibus duis at velit eu est congue elementum in hac habitasse platea dictumst morbi vestibulum velit id pretium iaculis diam erat fermentum justo nec condimentum');
insert into freelancers (name, surname, email, password, registration_date, freelance_id, alias, description) values ('Ali', 'Curl', 'acurlu@ucsd.edu', 'Z8qpaRgwY', '3/20/2020', 31, 'acurlu', 'sollicitudin mi sit amet lobortis sapien sapien non mi integer ac neque duis bibendum morbi non quam nec dui luctus rutrum nulla tellus in sagittis dui vel nisl duis ac nibh fusce lacus purus aliquet at feugiat non pretium quis lectus suspendisse potenti in eleifend quam a odio in hac habitasse platea dictumst maecenas ut massa quis augue luctus tincidunt nulla mollis molestie lorem quisque ut erat');
insert into freelancers (name, surname, email, password, registration_date, freelance_id, alias, description) values ('Hal', 'Borsnall', 'hborsnallv@blogspot.com', 'GGTcoaGhm', '8/29/2019', 32, 'hborsnallv', 'consectetuer adipiscing elit proin interdum mauris non ligula pellentesque ultrices phasellus id sapien in sapien iaculis congue vivamus metus arcu adipiscing molestie hendrerit at vulputate vitae nisl aenean lectus pellentesque eget nunc donec quis orci eget orci vehicula condimentum curabitur in libero ut massa volutpat convallis morbi odio odio elementum eu interdum eu tincidunt in leo maecenas pulvinar lobortis est phasellus sit amet erat');
insert into freelancers (name, surname, email, password, registration_date, freelance_id, alias, description) values ('Ebba', 'Romand', 'eromandw@networksolutions.com', 'qHvJpvk', '4/20/2019', 33, 'eromandw', 'semper sapien a libero nam dui proin leo odio porttitor id consequat in consequat ut nulla sed accumsan felis ut at dolor quis odio consequat varius integer ac leo pellentesque ultrices mattis odio donec vitae nisi nam ultrices');
insert into freelancers (name, surname, email, password, registration_date, freelance_id, alias, description) values ('Susette', 'Weatherby', 'sweatherbyx@stanford.edu', '62R1vOr9j', '4/10/2019', 34, 'sweatherbyx', 'mattis egestas metus aenean fermentum donec ut mauris eget massa tempor convallis nulla neque libero convallis eget eleifend luctus ultricies eu nibh quisque id justo sit amet sapien dignissim vestibulum vestibulum ante ipsum primis in faucibus orci luctus et ultrices posuere cubilia curae nulla dapibus dolor vel est donec odio justo sollicitudin ut suscipit a feugiat et eros');
insert into freelancers (name, surname, email, password, registration_date, freelance_id, alias, description) values ('Wolfgang', 'Farrears', 'wfarrearsy@rambler.ru', 'SUdNpF7', '9/25/2019', 35, 'wfarrearsy', 'iaculis justo in hac habitasse platea dictumst etiam faucibus cursus urna ut tellus nulla ut erat id mauris vulputate elementum nullam varius nulla facilisi cras non velit nec nisi vulputate nonummy maecenas tincidunt lacus at velit vivamus vel nulla eget eros elementum pellentesque quisque porta volutpat erat quisque erat eros viverra eget congue eget semper rutrum nulla nunc purus phasellus in felis donec');
insert into freelancers (name, surname, email, password, registration_date, freelance_id, alias, description) values ('Philippine', 'Pourvoieur', 'ppourvoieurz@hibu.com', 't5sg1nq9bh92', '6/7/2019', 36, 'ppourvoieurz', 'pede ac diam cras pellentesque volutpat dui maecenas tristique est et tempus semper est quam pharetra magna ac consequat metus sapien ut nunc vestibulum ante ipsum primis in faucibus orci luctus et ultrices posuere cubilia curae mauris viverra diam');
insert into freelancers (name, surname, email, password, registration_date, freelance_id, alias, description) values ('Eddi', 'Goodbarr', 'egoodbarr10@slashdot.org', '3EmEje', '6/24/2019', 37, 'egoodbarr10', 'eros vestibulum ac est lacinia nisi venenatis tristique fusce congue diam id ornare imperdiet sapien urna pretium nisl ut volutpat sapien arcu sed augue aliquam erat volutpat in congue etiam justo etiam pretium iaculis justo in hac habitasse platea dictumst etiam faucibus cursus urna ut tellus nulla ut erat id mauris vulputate elementum nullam varius nulla facilisi cras non velit nec nisi vulputate nonummy maecenas tincidunt lacus at');
insert into freelancers (name, surname, email, password, registration_date, freelance_id, alias, description) values ('Emmett', 'Bavidge', 'ebavidge11@harvard.edu', 'kBB4CM', '6/26/2019', 38, 'ebavidge11', 'pede morbi porttitor lorem id ligula suspendisse ornare consequat lectus in est');
insert into freelancers (name, surname, email, password, registration_date, freelance_id, alias, description) values ('Rickard', 'Antonik', 'rantonik12@elegantthemes.com', 'LgD7rEJ', '9/26/2019', 39, 'rantonik12', 'rhoncus sed vestibulum sit amet cursus id turpis integer aliquet massa id lobortis convallis tortor risus dapibus augue vel accumsan tellus nisi eu orci mauris lacinia sapien quis libero nullam sit amet turpis elementum ligula vehicula consequat morbi a ipsum integer a nibh in quis justo maecenas rhoncus aliquam lacus morbi quis tortor id nulla ultrices aliquet maecenas leo odio condimentum id luctus nec molestie sed justo pellentesque viverra pede ac diam cras pellentesque volutpat dui maecenas tristique est et tempus semper est quam pharetra magna ac consequat metus sapien ut nunc vestibulum ante ipsum primis in faucibus orci');
insert into freelancers (name, surname, email, password, registration_date, freelance_id, alias, description) values ('Ignatius', 'Capelle', 'icapelle13@odnoklassniki.ru', 'umWd5U', '2/12/2020', 40, 'icapelle13', 'cubilia curae duis faucibus accumsan odio curabitur convallis duis consequat dui nec nisi volutpat eleifend donec ut dolor morbi vel lectus in quam fringilla rhoncus mauris enim leo rhoncus sed vestibulum sit amet cursus id turpis integer aliquet massa id lobortis convallis tortor risus dapibus augue vel accumsan tellus nisi eu orci mauris lacinia sapien quis libero');
insert into freelancers (name, surname, email, password, registration_date, freelance_id, alias, description) values ('Enrico', 'Shynn', 'eshynn14@slate.com', 'kqDkNHix', '6/5/2019', 41, 'eshynn14', 'venenatis lacinia aenean sit amet justo morbi ut odio cras mi pede malesuada in imperdiet et commodo vulputate justo');
insert into freelancers (name, surname, email, password, registration_date, freelance_id, alias, description) values ('Sisile', 'Cowins', 'scowins15@list-manage.com', '3zgpyQhCnpr', '4/19/2019', 42, 'scowins15', 'nisl ut volutpat sapien arcu sed augue aliquam erat volutpat in congue etiam justo etiam pretium iaculis justo in hac habitasse platea dictumst etiam faucibus cursus urna ut tellus nulla ut erat id mauris vulputate elementum nullam varius nulla facilisi cras non velit nec nisi vulputate nonummy maecenas tincidunt');
insert into freelancers (name, surname, email, password, registration_date, freelance_id, alias, description) values ('Laurie', 'Sacco', 'lsacco16@slashdot.org', 'Mc0pCb3', '2/17/2020', 43, 'lsacco16', 'congue vivamus metus arcu adipiscing molestie hendrerit at vulputate vitae nisl aenean lectus pellentesque eget nunc donec');
insert into freelancers (name, surname, email, password, registration_date, freelance_id, alias, description) values ('Blakeley', 'Dowears', 'bdowears17@toplist.cz', 'jP0yjDPNfRsg', '5/15/2019', 44, 'bdowears17', 'arcu adipiscing molestie hendrerit at vulputate vitae nisl aenean lectus pellentesque eget nunc donec quis orci eget orci vehicula condimentum curabitur in libero ut massa volutpat convallis morbi odio odio elementum eu interdum eu tincidunt in leo maecenas pulvinar lobortis est phasellus sit');
insert into freelancers (name, surname, email, password, registration_date, freelance_id, alias, description) values ('Christiana', 'Frisel', 'cfrisel18@joomla.org', '1uXNenS', '12/11/2019', 45, 'cfrisel18', 'elementum nullam varius nulla facilisi cras non velit nec nisi vulputate nonummy maecenas tincidunt lacus at velit vivamus vel nulla eget eros elementum pellentesque quisque porta volutpat erat quisque erat eros viverra eget congue eget semper rutrum nulla nunc purus phasellus in felis donec semper sapien a libero nam dui proin leo odio porttitor id consequat in consequat ut nulla sed accumsan felis ut');
insert into freelancers (name, surname, email, password, registration_date, freelance_id, alias, description) values ('Glenn', 'Traill', 'gtraill19@twitter.com', 'HawroG3', '7/31/2019', 46, 'gtraill19', 'ultrices enim lorem ipsum dolor sit amet consectetuer adipiscing elit proin interdum mauris non ligula pellentesque ultrices phasellus id sapien in sapien iaculis');
insert into freelancers (name, surname, email, password, registration_date, freelance_id, alias, description) values ('Myrvyn', 'Enga', 'menga1a@wikispaces.com', 'u7E8sDCw0jh', '8/14/2019', 47, 'menga1a', 'at lorem integer tincidunt ante vel ipsum praesent blandit lacinia erat vestibulum sed magna at nunc commodo placerat praesent blandit nam nulla integer pede justo lacinia eget tincidunt eget tempus vel pede morbi porttitor lorem id ligula suspendisse ornare consequat lectus in est risus auctor sed tristique in tempus sit amet sem fusce consequat nulla nisl nunc nisl duis bibendum felis sed interdum venenatis turpis enim blandit mi in porttitor pede');
insert into freelancers (name, surname, email, password, registration_date, freelance_id, alias, description) values ('Graehme', 'Claige', 'gclaige1b@forbes.com', 'vn7K91Rbx', '7/18/2019', 48, 'gclaige1b', 'maecenas pulvinar lobortis est phasellus sit amet erat nulla tempus vivamus in felis eu sapien cursus vestibulum proin eu mi nulla ac enim in tempor turpis nec euismod scelerisque quam turpis adipiscing lorem vitae mattis nibh ligula nec sem duis aliquam convallis nunc proin at turpis a pede posuere nonummy integer non velit donec diam neque vestibulum eget vulputate ut ultrices vel augue vestibulum ante');
insert into freelancers (name, surname, email, password, registration_date, freelance_id, alias, description) values ('Samantha', 'Hulse', 'shulse1c@cargocollective.com', 'kapUZAzt6N', '11/8/2019', 49, 'shulse1c', 'erat volutpat in congue etiam justo etiam pretium iaculis justo in hac habitasse platea dictumst etiam faucibus cursus urna ut tellus nulla ut erat id mauris vulputate elementum nullam varius nulla facilisi cras non velit nec nisi vulputate nonummy maecenas tincidunt lacus at velit vivamus vel nulla');
insert into freelancers (name, surname, email, password, registration_date, freelance_id, alias, description) values ('Letti', 'Dray', 'ldray1d@uol.com.br', 'DQ3SnpeIH8', '4/16/2019', 50, 'ldray1d', 'mauris lacinia sapien quis libero nullam sit amet turpis elementum ligula vehicula consequat morbi a ipsum integer a nibh in quis justo maecenas rhoncus aliquam lacus morbi quis tortor id nulla ultrices aliquet maecenas leo odio condimentum id luctus nec molestie sed justo pellentesque viverra pede ac diam cras pellentesque volutpat dui maecenas tristique est et tempus semper est quam pharetra magna ac consequat metus sapien ut nunc vestibulum ante ipsum primis in faucibus');
insert into freelancers (name, surname, email, password, registration_date, freelance_id, alias, description) values ('Antoinette', 'Collinge', 'acollinge1e@spotify.com', 'dswM2xEFQv', '10/24/2019', 51, 'acollinge1e', 'libero ut massa volutpat convallis morbi odio odio elementum eu interdum eu tincidunt in leo maecenas pulvinar lobortis est phasellus sit amet erat nulla tempus vivamus in felis eu sapien cursus vestibulum proin eu mi nulla ac enim in tempor turpis nec euismod scelerisque quam turpis adipiscing lorem vitae mattis nibh ligula nec sem duis aliquam convallis nunc proin at turpis a pede posuere nonummy integer non velit donec diam neque vestibulum eget vulputate ut ultrices vel augue vestibulum ante ipsum primis in faucibus orci luctus et ultrices posuere cubilia curae donec pharetra magna vestibulum aliquet');
insert into freelancers (name, surname, email, password, registration_date, freelance_id, alias, description) values ('Marie-ann', 'Coetzee', 'mcoetzee1f@scribd.com', 'cfuVaPDjC1', '12/2/2019', 52, 'mcoetzee1f', 'nisi volutpat eleifend donec ut dolor morbi vel lectus in quam fringilla rhoncus mauris enim leo rhoncus sed vestibulum sit amet cursus id turpis integer aliquet massa id lobortis convallis tortor risus dapibus augue vel accumsan tellus nisi eu orci mauris lacinia sapien quis libero nullam sit amet turpis elementum ligula vehicula consequat morbi a ipsum integer a nibh in quis justo maecenas rhoncus aliquam lacus morbi quis tortor id nulla ultrices aliquet maecenas leo odio condimentum id luctus nec molestie sed justo');
insert into freelancers (name, surname, email, password, registration_date, freelance_id, alias, description) values ('Ardenia', 'Tiptaft', 'atiptaft1g@dion.ne.jp', 'oP3McyD6G', '2/26/2020', 53, 'atiptaft1g', 'etiam justo etiam pretium iaculis justo in hac habitasse platea dictumst etiam faucibus cursus urna ut tellus nulla ut erat id mauris vulputate elementum nullam varius nulla facilisi cras');
insert into freelancers (name, surname, email, password, registration_date, freelance_id, alias, description) values ('Anneliese', 'Tremmil', 'atremmil1h@wikia.com', 'sdEpRpaa4WsC', '6/25/2019', 54, 'atremmil1h', 'ipsum primis in faucibus orci luctus et ultrices posuere cubilia curae nulla dapibus dolor vel est donec odio justo sollicitudin ut suscipit a feugiat et eros vestibulum ac est lacinia nisi venenatis tristique fusce congue diam id');
insert into freelancers (name, surname, email, password, registration_date, freelance_id, alias, description) values ('Oralla', 'Maxwell', 'omaxwell1i@issuu.com', 'tad2zqzKHhBH', '12/21/2019', 55, 'omaxwell1i', 'odio odio elementum eu interdum eu tincidunt in leo maecenas pulvinar lobortis est phasellus sit amet erat nulla tempus vivamus in felis eu sapien cursus vestibulum proin eu mi nulla ac enim in tempor turpis nec euismod scelerisque quam turpis adipiscing lorem vitae mattis nibh ligula nec sem duis aliquam convallis nunc proin at turpis a pede posuere nonummy integer non velit donec diam neque vestibulum eget vulputate ut ultrices vel augue vestibulum ante ipsum primis in faucibus orci');
insert into freelancers (name, surname, email, password, registration_date, freelance_id, alias, description) values ('Zelma', 'Deener', 'zdeener1j@posterous.com', 'hFbkQLhZYe', '11/19/2019', 56, 'zdeener1j', 'donec quis orci eget orci vehicula condimentum curabitur in libero ut massa volutpat convallis morbi odio odio elementum eu interdum eu tincidunt in leo maecenas pulvinar lobortis est phasellus sit amet erat nulla tempus vivamus in felis eu sapien cursus vestibulum proin eu mi nulla ac enim in tempor turpis nec euismod scelerisque quam turpis adipiscing lorem vitae mattis nibh ligula nec sem');
insert into freelancers (name, surname, email, password, registration_date, freelance_id, alias, description) values ('Alistair', 'Klaus', 'aklaus1k@is.gd', 'jeSs1k0MKn', '9/27/2019', 57, 'aklaus1k', 'odio curabitur convallis duis consequat dui nec nisi volutpat eleifend donec ut dolor morbi vel lectus in quam fringilla rhoncus mauris enim leo rhoncus sed vestibulum sit amet cursus id turpis integer aliquet massa id lobortis convallis tortor risus dapibus augue vel accumsan tellus nisi eu orci mauris lacinia sapien quis libero nullam sit amet turpis elementum ligula vehicula consequat morbi a ipsum integer a');
insert into freelancers (name, surname, email, password, registration_date, freelance_id, alias, description) values ('Francisco', 'Bann', 'fbann1l@a8.net', '0ZDKn1P', '12/6/2019', 58, 'fbann1l', 'eget semper rutrum nulla nunc purus phasellus in felis donec semper sapien a libero nam dui proin leo odio porttitor id consequat in consequat ut nulla sed accumsan felis ut at dolor quis odio consequat varius integer ac leo pellentesque ultrices mattis odio donec vitae nisi nam ultrices libero non mattis pulvinar nulla pede ullamcorper augue');
insert into freelancers (name, surname, email, password, registration_date, freelance_id, alias, description) values ('Billy', 'Brumby', 'bbrumby1m@bbc.co.uk', 'Fe0OuRfcY1cx', '10/22/2019', 59, 'bbrumby1m', 'sapien in sapien iaculis congue vivamus metus arcu adipiscing molestie hendrerit at vulputate vitae nisl aenean lectus pellentesque eget nunc donec quis orci eget orci vehicula condimentum curabitur in libero ut massa volutpat convallis morbi odio odio elementum eu interdum eu tincidunt in leo maecenas pulvinar lobortis est phasellus sit amet erat nulla tempus vivamus in felis eu sapien cursus vestibulum proin eu mi nulla ac enim in tempor turpis nec');
insert into freelancers (name, surname, email, password, registration_date, freelance_id, alias, description) values ('Elizabeth', 'Garces', 'egarces1n@ehow.com', '756fE78IwYi', '4/2/2019', 60, 'egarces1n', 'consequat ut nulla sed accumsan felis ut at dolor quis odio consequat varius integer ac leo pellentesque ultrices mattis odio donec vitae nisi nam ultrices libero non mattis pulvinar nulla pede ullamcorper augue a suscipit nulla elit ac nulla sed vel enim sit amet nunc viverra dapibus nulla suscipit ligula in lacus curabitur at ipsum ac tellus semper');
insert into freelancers (name, surname, email, password, registration_date, freelance_id, alias, description) values ('Lucine', 'McGilmartin', 'lmcgilmartin1o@hp.com', 'nQSwVZP', '6/14/2019', 61, 'lmcgilmartin1o', 'mauris viverra diam vitae quam suspendisse potenti nullam porttitor lacus at turpis donec posuere metus vitae ipsum aliquam non mauris morbi non lectus aliquam sit amet diam in magna bibendum imperdiet');
insert into freelancers (name, surname, email, password, registration_date, freelance_id, alias, description) values ('Josefina', 'Brittle', 'jbrittle1p@usatoday.com', 'kCTCKra', '8/17/2019', 62, 'jbrittle1p', 'curae duis faucibus accumsan odio curabitur convallis duis consequat dui nec nisi volutpat eleifend donec ut dolor morbi vel lectus in quam fringilla rhoncus mauris enim leo rhoncus sed vestibulum sit amet cursus id turpis integer aliquet massa id lobortis convallis tortor risus dapibus augue vel accumsan tellus nisi eu orci mauris lacinia sapien quis libero nullam sit amet turpis elementum ligula vehicula consequat morbi a ipsum integer a nibh in quis justo maecenas rhoncus aliquam lacus morbi quis tortor id nulla ultrices aliquet maecenas leo odio condimentum id luctus nec molestie sed justo pellentesque viverra');
insert into freelancers (name, surname, email, password, registration_date, freelance_id, alias, description) values ('Tobe', 'Chiese', 'tchiese1q@1und1.de', 'xsYkOuHlrPn', '12/11/2019', 63, 'tchiese1q', 'fermentum donec ut mauris eget massa tempor convallis nulla neque libero convallis eget eleifend luctus ultricies eu nibh quisque id justo sit amet sapien dignissim vestibulum vestibulum ante ipsum primis in faucibus orci luctus et ultrices posuere cubilia curae nulla dapibus dolor vel est donec odio justo sollicitudin ut suscipit a feugiat et eros vestibulum ac est lacinia');
insert into freelancers (name, surname, email, password, registration_date, freelance_id, alias, description) values ('Cassie', 'Reyburn', 'creyburn1r@un.org', 'MGyzsHm', '6/3/2019', 64, 'creyburn1r', 'nulla tempus vivamus in felis eu sapien cursus vestibulum proin eu mi nulla ac');
insert into freelancers (name, surname, email, password, registration_date, freelance_id, alias, description) values ('Kirby', 'Hayhurst', 'khayhurst1s@smh.com.au', 'Qxe0eVjuPMP', '7/3/2019', 65, 'khayhurst1s', 'a pede posuere nonummy integer non velit donec diam neque vestibulum eget vulputate ut ultrices vel augue vestibulum ante ipsum primis in faucibus orci luctus et ultrices posuere cubilia curae donec pharetra magna vestibulum aliquet ultrices erat tortor sollicitudin mi sit amet lobortis sapien sapien non mi integer ac neque duis bibendum morbi non quam nec dui luctus rutrum nulla tellus in sagittis dui vel nisl duis ac nibh fusce lacus purus aliquet at');
insert into freelancers (name, surname, email, password, registration_date, freelance_id, alias, description) values ('Leda', 'Booton', 'lbooton1t@newyorker.com', 'CDRzGJ', '9/17/2019', 66, 'lbooton1t', 'etiam vel augue vestibulum rutrum rutrum neque aenean auctor gravida sem praesent id massa id nisl');
insert into freelancers (name, surname, email, password, registration_date, freelance_id, alias, description) values ('Trudy', 'Cockerill', 'tcockerill1u@amazon.de', 'DCT2vm5CW', '7/25/2019', 67, 'tcockerill1u', 'quam suspendisse potenti nullam porttitor lacus at turpis donec posuere metus vitae ipsum aliquam non mauris morbi non lectus aliquam sit amet diam in magna bibendum imperdiet nullam orci pede venenatis non sodales sed tincidunt eu felis fusce posuere felis sed lacus morbi sem mauris laoreet ut rhoncus aliquet pulvinar sed nisl nunc rhoncus dui vel sem sed sagittis nam congue risus semper porta volutpat quam pede lobortis ligula sit amet eleifend pede libero quis orci nullam molestie nibh');
insert into freelancers (name, surname, email, password, registration_date, freelance_id, alias, description) values ('Duffie', 'Innot', 'dinnot1v@example.com', 'EYEe3AM', '7/17/2019', 68, 'dinnot1v', 'quam turpis adipiscing lorem vitae mattis nibh ligula nec sem duis aliquam convallis nunc proin at turpis a pede posuere nonummy integer non velit donec diam neque vestibulum eget');
insert into freelancers (name, surname, email, password, registration_date, freelance_id, alias, description) values ('Thaddus', 'Olander', 'tolander1w@example.com', 'Ri0i5evEWz', '12/13/2019', 69, 'tolander1w', 'orci vehicula condimentum curabitur in libero ut massa volutpat convallis morbi odio odio elementum eu interdum eu tincidunt in leo maecenas pulvinar lobortis est phasellus sit amet');
insert into freelancers (name, surname, email, password, registration_date, freelance_id, alias, description) values ('Isiahi', 'Faier', 'ifaier1x@google.com', 'ZFSAmUYRaUlS', '8/24/2019', 70, 'ifaier1x', 'nascetur ridiculus mus etiam vel augue vestibulum rutrum rutrum neque aenean auctor gravida sem praesent id massa id nisl venenatis lacinia aenean sit amet justo morbi ut odio cras mi pede malesuada in imperdiet et commodo vulputate justo in blandit ultrices enim lorem ipsum dolor sit amet consectetuer adipiscing elit proin interdum mauris non ligula pellentesque ultrices phasellus id sapien in sapien iaculis congue vivamus metus arcu adipiscing molestie hendrerit at vulputate vitae nisl aenean lectus pellentesque eget nunc donec quis orci');
insert into freelancers (name, surname, email, password, registration_date, freelance_id, alias, description) values ('Lucien', 'Abramov', 'labramov1y@newsvine.com', 'Ai4Jde', '7/26/2019', 71, 'labramov1y', 'duis consequat dui nec nisi volutpat eleifend donec ut dolor morbi vel lectus in quam fringilla rhoncus mauris enim leo rhoncus sed vestibulum sit amet cursus id turpis integer aliquet massa id lobortis convallis tortor risus dapibus augue vel accumsan tellus nisi eu orci mauris lacinia sapien quis libero nullam sit amet turpis elementum ligula vehicula consequat morbi a ipsum integer a nibh in quis justo maecenas rhoncus aliquam lacus morbi quis tortor id nulla ultrices aliquet maecenas leo');
insert into freelancers (name, surname, email, password, registration_date, freelance_id, alias, description) values ('Ulla', 'Preon', 'upreon1z@yandex.ru', 'ZuZyVk2', '6/1/2019', 72, 'upreon1z', 'parturient montes nascetur ridiculus mus vivamus vestibulum sagittis sapien cum sociis natoque penatibus et magnis dis parturient montes nascetur ridiculus mus etiam vel augue');
insert into freelancers (name, surname, email, password, registration_date, freelance_id, alias, description) values ('Percival', 'Castleman', 'pcastleman20@tiny.cc', 'VXY6yjyMBP1', '1/2/2020', 73, 'pcastleman20', 'id nulla ultrices aliquet maecenas leo odio condimentum id luctus nec molestie sed justo pellentesque viverra pede ac diam cras pellentesque volutpat dui maecenas tristique est et tempus semper est quam pharetra magna ac consequat metus sapien ut nunc vestibulum ante ipsum primis in faucibus orci luctus et ultrices posuere cubilia curae mauris viverra diam vitae quam suspendisse potenti nullam porttitor lacus at turpis donec');
insert into freelancers (name, surname, email, password, registration_date, freelance_id, alias, description) values ('Agnesse', 'Bartles', 'abartles21@discuz.net', 'LfXHFNTBZFF', '8/10/2019', 74, 'abartles21', 'sed tincidunt eu felis fusce posuere felis sed lacus morbi sem mauris laoreet ut rhoncus aliquet pulvinar sed nisl nunc rhoncus dui vel sem sed sagittis nam congue risus semper porta volutpat quam pede lobortis ligula sit amet eleifend pede libero quis orci nullam molestie nibh in lectus pellentesque at nulla suspendisse potenti cras in purus eu magna vulputate luctus cum sociis natoque penatibus et magnis dis parturient montes nascetur ridiculus mus vivamus vestibulum sagittis sapien cum sociis natoque penatibus et magnis dis parturient montes nascetur ridiculus mus etiam');
insert into freelancers (name, surname, email, password, registration_date, freelance_id, alias, description) values ('Adelle', 'Undy', 'aundy22@xrea.com', 'f5ko9X', '3/24/2019', 75, 'aundy22', 'nibh quisque id justo sit amet sapien dignissim vestibulum vestibulum ante ipsum primis in faucibus orci luctus et ultrices posuere');
insert into freelancers (name, surname, email, password, registration_date, freelance_id, alias, description) values ('Madelon', 'McClaurie', 'mmcclaurie23@latimes.com', '2DA9CO0vDZP', '1/22/2020', 76, 'mmcclaurie23', 'justo aliquam quis turpis eget elit sodales scelerisque mauris sit amet eros suspendisse accumsan tortor quis turpis sed ante vivamus tortor duis mattis egestas metus aenean fermentum donec ut mauris eget massa tempor convallis nulla neque libero convallis eget eleifend luctus ultricies eu nibh quisque id justo sit amet sapien dignissim vestibulum vestibulum ante ipsum primis in faucibus orci luctus et ultrices posuere cubilia curae nulla dapibus dolor vel est donec odio justo sollicitudin ut suscipit');
insert into freelancers (name, surname, email, password, registration_date, freelance_id, alias, description) values ('Chane', 'Bethune', 'cbethune24@1688.com', '88hrOU73oAq', '10/11/2019', 77, 'cbethune24', 'ac consequat metus sapien ut nunc vestibulum ante ipsum primis in');
insert into freelancers (name, surname, email, password, registration_date, freelance_id, alias, description) values ('Cass', 'Radborn', 'cradborn25@mediafire.com', 'cgp06fqn', '1/24/2020', 78, 'cradborn25', 'volutpat in congue etiam justo etiam pretium iaculis justo in hac habitasse platea dictumst etiam faucibus cursus urna ut tellus nulla ut erat id mauris vulputate elementum nullam varius nulla facilisi cras non velit nec nisi vulputate nonummy maecenas tincidunt lacus at velit vivamus vel nulla eget eros elementum pellentesque quisque porta volutpat erat quisque erat eros viverra eget congue');
insert into freelancers (name, surname, email, password, registration_date, freelance_id, alias, description) values ('Imelda', 'Bidnall', 'ibidnall26@who.int', 'JVLXIIYoyr', '12/28/2019', 79, 'ibidnall26', 'cursus vestibulum proin eu mi nulla ac enim in tempor turpis nec euismod scelerisque quam turpis adipiscing lorem vitae mattis nibh ligula nec sem duis aliquam convallis nunc proin at turpis a pede posuere nonummy integer non velit donec diam neque vestibulum eget vulputate ut ultrices vel augue vestibulum ante ipsum primis in faucibus orci luctus et ultrices posuere cubilia curae donec pharetra magna vestibulum aliquet ultrices erat tortor sollicitudin mi');
insert into freelancers (name, surname, email, password, registration_date, freelance_id, alias, description) values ('Steve', 'Boldt', 'sboldt27@ibm.com', 'jS7kNcRQV', '12/27/2019', 80, 'sboldt27', 'nunc commodo placerat praesent blandit nam nulla integer pede justo lacinia eget tincidunt eget tempus vel pede morbi porttitor lorem id ligula suspendisse ornare consequat lectus in est risus auctor sed tristique in tempus');
insert into freelancers (name, surname, email, password, registration_date, freelance_id, alias, description) values ('Cristal', 'Hellmer', 'chellmer28@oracle.com', 'AGqq8FLETx', '7/30/2019', 81, 'chellmer28', 'in leo maecenas pulvinar lobortis est phasellus sit amet erat nulla tempus vivamus in felis eu sapien cursus vestibulum proin eu');
insert into freelancers (name, surname, email, password, registration_date, freelance_id, alias, description) values ('Laurent', 'Fowell', 'lfowell29@nifty.com', 'MImF4L', '8/13/2019', 82, 'lfowell29', 'posuere cubilia curae duis faucibus accumsan odio curabitur convallis duis consequat dui nec nisi volutpat eleifend donec ut dolor morbi vel lectus in quam fringilla rhoncus mauris enim leo rhoncus sed vestibulum sit amet cursus id turpis integer aliquet massa id lobortis convallis tortor risus dapibus augue vel accumsan tellus nisi eu orci mauris lacinia sapien quis libero nullam sit amet turpis elementum ligula vehicula consequat morbi a ipsum integer a nibh in quis justo maecenas rhoncus aliquam lacus morbi quis tortor id nulla ultrices aliquet maecenas leo odio condimentum id luctus nec molestie');
insert into freelancers (name, surname, email, password, registration_date, freelance_id, alias, description) values ('Peterus', 'Siss', 'psiss2a@timesonline.co.uk', 'VvnFT7IvusWN', '4/30/2019', 83, 'psiss2a', 'ut blandit non interdum in ante vestibulum ante ipsum primis in faucibus orci luctus et ultrices posuere cubilia curae duis faucibus accumsan odio curabitur convallis duis consequat dui nec nisi volutpat eleifend donec');
insert into freelancers (name, surname, email, password, registration_date, freelance_id, alias, description) values ('Pattin', 'Shermore', 'pshermore2b@answers.com', 'F4zJlE8pP', '9/1/2019', 84, 'pshermore2b', 'faucibus cursus urna ut tellus nulla ut erat id mauris vulputate elementum nullam');
insert into freelancers (name, surname, email, password, registration_date, freelance_id, alias, description) values ('Kitty', 'Rodear', 'krodear2c@skyrock.com', 'egyNJ09eX', '1/11/2020', 85, 'krodear2c', 'proin at turpis a pede posuere nonummy integer non velit donec diam neque vestibulum eget vulputate ut ultrices vel augue vestibulum ante ipsum primis in faucibus orci luctus et ultrices posuere cubilia curae donec pharetra magna vestibulum aliquet ultrices erat tortor sollicitudin mi');
insert into freelancers (name, surname, email, password, registration_date, freelance_id, alias, description) values ('Rube', 'Zeal', 'rzeal2d@hatena.ne.jp', '9xnlP7', '4/2/2019', 86, 'rzeal2d', 'felis eu sapien cursus vestibulum proin eu mi nulla ac enim in tempor turpis nec euismod scelerisque quam turpis adipiscing lorem vitae mattis nibh ligula nec sem duis aliquam convallis nunc proin at turpis a pede posuere nonummy integer non velit donec diam neque vestibulum eget vulputate ut ultrices vel augue vestibulum ante ipsum primis in faucibus orci luctus et ultrices posuere cubilia curae donec pharetra magna vestibulum aliquet ultrices erat tortor sollicitudin mi sit amet lobortis sapien sapien non mi integer ac neque');
insert into freelancers (name, surname, email, password, registration_date, freelance_id, alias, description) values ('Rodger', 'Poacher', 'rpoacher2e@europa.eu', '0USm1sk', '6/28/2019', 87, 'rpoacher2e', 'gravida nisi at nibh in hac habitasse platea dictumst aliquam augue quam sollicitudin vitae consectetuer eget rutrum at lorem integer tincidunt ante vel ipsum praesent blandit lacinia erat vestibulum sed magna at nunc commodo placerat praesent blandit nam nulla integer pede justo lacinia');
insert into freelancers (name, surname, email, password, registration_date, freelance_id, alias, description) values ('Towney', 'Ciccerale', 'tciccerale2f@ovh.net', 'yZmJUwy', '4/7/2019', 88, 'tciccerale2f', 'rutrum at lorem integer tincidunt ante vel ipsum praesent blandit lacinia erat vestibulum sed magna at nunc commodo placerat praesent blandit nam nulla integer pede justo lacinia eget tincidunt eget tempus vel');
insert into freelancers (name, surname, email, password, registration_date, freelance_id, alias, description) values ('Kimberlee', 'McIlvoray', 'kmcilvoray2g@ed.gov', 'nB9JIK', '3/15/2020', 89, 'kmcilvoray2g', 'ultrices phasellus id sapien in sapien iaculis congue vivamus metus arcu adipiscing molestie hendrerit at vulputate vitae nisl aenean lectus pellentesque eget nunc donec quis orci eget orci vehicula condimentum curabitur in libero ut massa volutpat convallis morbi odio odio elementum eu interdum eu tincidunt in leo maecenas pulvinar lobortis est phasellus');
insert into freelancers (name, surname, email, password, registration_date, freelance_id, alias, description) values ('Alla', 'Barkhouse', 'abarkhouse2h@cam.ac.uk', 'xvV3e7DnqZ', '1/27/2020', 90, 'abarkhouse2h', 'faucibus orci luctus et ultrices posuere cubilia curae donec pharetra magna vestibulum aliquet ultrices erat tortor sollicitudin mi sit amet lobortis sapien sapien non mi integer ac neque duis bibendum morbi non quam nec dui luctus rutrum nulla tellus in sagittis dui vel nisl duis ac nibh fusce lacus purus aliquet at feugiat non pretium quis lectus suspendisse potenti in eleifend quam a odio in hac habitasse platea dictumst maecenas ut massa quis augue luctus tincidunt nulla mollis molestie lorem quisque ut erat curabitur gravida nisi at nibh in hac habitasse platea dictumst');
insert into freelancers (name, surname, email, password, registration_date, freelance_id, alias, description) values ('Buiron', 'Cotsford', 'bcotsford2i@latimes.com', '7XmLTAai', '2/25/2020', 91, 'bcotsford2i', 'integer ac neque duis bibendum morbi non quam nec dui luctus rutrum nulla tellus in');
insert into freelancers (name, surname, email, password, registration_date, freelance_id, alias, description) values ('Wilmer', 'Durnan', 'wdurnan2j@uiuc.edu', 'O7C83FEvxe', '6/7/2019', 92, 'wdurnan2j', 'congue diam id ornare imperdiet sapien urna pretium nisl ut volutpat sapien arcu sed augue aliquam erat volutpat in congue etiam justo etiam pretium iaculis');
insert into freelancers (name, surname, email, password, registration_date, freelance_id, alias, description) values ('Abbye', 'Perry', 'aperry2k@networksolutions.com', 'OXvNNaZcP3bc', '7/23/2019', 93, 'aperry2k', 'vestibulum velit id pretium iaculis diam erat fermentum justo nec condimentum neque sapien placerat ante nulla justo aliquam quis turpis eget elit sodales scelerisque mauris sit amet eros suspendisse accumsan tortor quis turpis sed ante vivamus tortor duis mattis egestas');
insert into freelancers (name, surname, email, password, registration_date, freelance_id, alias, description) values ('Addy', 'Fortie', 'afortie2l@ifeng.com', '2k0kYquN8c', '10/2/2019', 94, 'afortie2l', 'vel ipsum praesent blandit lacinia erat vestibulum sed magna at nunc commodo placerat');
insert into freelancers (name, surname, email, password, registration_date, freelance_id, alias, description) values ('Eba', 'Duncklee', 'eduncklee2m@parallels.com', '46xTBty', '7/30/2019', 95, 'eduncklee2m', 'nisl aenean lectus pellentesque eget nunc donec quis orci eget orci vehicula condimentum curabitur in libero ut massa volutpat convallis morbi odio odio elementum');
insert into freelancers (name, surname, email, password, registration_date, freelance_id, alias, description) values ('Quintina', 'Mattack', 'qmattack2n@webs.com', '2qMiHei', '7/23/2019', 96, 'qmattack2n', 'leo pellentesque ultrices mattis odio donec vitae nisi nam ultrices libero non mattis pulvinar nulla pede ullamcorper augue a suscipit nulla elit ac nulla sed vel enim sit amet nunc viverra dapibus nulla suscipit ligula in lacus curabitur at ipsum ac tellus semper interdum mauris ullamcorper purus sit amet');
insert into freelancers (name, surname, email, password, registration_date, freelance_id, alias, description) values ('Dana', 'Bunten', 'dbunten2o@admin.ch', 'ZJBZzYT', '4/8/2019', 97, 'dbunten2o', 'erat tortor sollicitudin mi sit amet lobortis sapien sapien non mi integer ac neque duis bibendum morbi non quam nec dui luctus rutrum nulla tellus in sagittis dui vel nisl duis ac nibh fusce lacus purus aliquet at feugiat non pretium quis lectus suspendisse potenti in eleifend quam a odio in hac habitasse platea dictumst maecenas ut massa quis augue luctus tincidunt nulla mollis molestie lorem quisque ut erat curabitur gravida nisi at nibh');

insert into languages (id, language_name) values (1, 'Tswana');
insert into languages (id, language_name) values (2, 'Thai');
insert into languages (id, language_name) values (3, 'Tajik');
insert into languages (id, language_name) values (4, 'Guaran');
insert into languages (id, language_name) values (5, 'Bulgarian');
insert into languages (id, language_name) values (6, 'Mori');
insert into languages (id, language_name) values (7, 'Lao');
insert into languages (id, language_name) values (8, 'Bulgarian');
insert into languages (id, language_name) values (9, 'Marathi');
insert into languages (id, language_name) values (10, 'Azeri');
insert into languages (id, language_name) values (11, 'German');
insert into languages (id, language_name) values (12, 'Polish');
insert into languages (id, language_name) values (13, 'Croatian');
insert into languages (id, language_name) values (14, 'Guaran');
insert into languages (id, language_name) values (15, 'Spanish');
insert into languages (id, language_name) values (16, 'Nepali');
insert into languages (id, language_name) values (17, 'Hindi');
insert into languages (id, language_name) values (18, 'Azeri');
insert into languages (id, language_name) values (19, 'English');
insert into languages (id, language_name) values (20, 'Latvian');
insert into languages (id, language_name) values (21, 'Papiamento');
insert into languages (id, language_name) values (22, 'Mori');
insert into languages (id, language_name) values (23, 'Albanian');
insert into languages (id, language_name) values (24, 'Bengali');
insert into languages (id, language_name) values (25, 'Zulu');
insert into languages (id, language_name) values (26, 'Malayalam');
insert into languages (id, language_name) values (27, 'Moldovan');
insert into languages (id, language_name) values (28, 'Quechua');
insert into languages (id, language_name) values (29, 'Khmer');
insert into languages (id, language_name) values (30, 'Gujarati');
insert into languages (id, language_name) values (31, 'Kashmiri');
insert into languages (id, language_name) values (32, 'Croatian');
insert into languages (id, language_name) values (33, 'Dutch');
insert into languages (id, language_name) values (34, 'Japanese');
insert into languages (id, language_name) values (35, 'Tamil');
insert into languages (id, language_name) values (36, 'Hiri Motu');
insert into languages (id, language_name) values (37, 'Tajik');
insert into languages (id, language_name) values (38, 'Moldovan');
insert into languages (id, language_name) values (39, 'Tetum');
insert into languages (id, language_name) values (40, 'Bislama');
insert into languages (id, language_name) values (41, 'Tswana');
insert into languages (id, language_name) values (42, 'Telugu');
insert into languages (id, language_name) values (43, 'Yiddish');
insert into languages (id, language_name) values (44, 'Luxembourgish');
insert into languages (id, language_name) values (45, 'Portuguese');
insert into languages (id, language_name) values (46, 'Spanish');
insert into languages (id, language_name) values (47, 'Romanian');
insert into languages (id, language_name) values (48, 'Finnish');
insert into languages (id, language_name) values (49, 'Mongolian');
insert into languages (id, language_name) values (50, 'Icelandic');

insert into freelancer_languages (id, freelancer_id, language_id) values (1, 20, 25);
insert into freelancer_languages (id, freelancer_id, language_id) values (2, 68, 7);
insert into freelancer_languages (id, freelancer_id, language_id) values (3, 21, 42);
insert into freelancer_languages (id, freelancer_id, language_id) values (4, 3, 47);
insert into freelancer_languages (id, freelancer_id, language_id) values (5, 32, 42);
insert into freelancer_languages (id, freelancer_id, language_id) values (6, 39, 18);
insert into freelancer_languages (id, freelancer_id, language_id) values (7, 92, 33);
insert into freelancer_languages (id, freelancer_id, language_id) values (8, 55, 26);
insert into freelancer_languages (id, freelancer_id, language_id) values (9, 68, 34);
insert into freelancer_languages (id, freelancer_id, language_id) values (10, 54, 44);
insert into freelancer_languages (id, freelancer_id, language_id) values (11, 78, 28);
insert into freelancer_languages (id, freelancer_id, language_id) values (12, 21, 16);
insert into freelancer_languages (id, freelancer_id, language_id) values (13, 61, 14);
insert into freelancer_languages (id, freelancer_id, language_id) values (14, 29, 10);
insert into freelancer_languages (id, freelancer_id, language_id) values (15, 75, 45);
insert into freelancer_languages (id, freelancer_id, language_id) values (16, 14, 21);
insert into freelancer_languages (id, freelancer_id, language_id) values (17, 7, 14);
insert into freelancer_languages (id, freelancer_id, language_id) values (18, 73, 39);
insert into freelancer_languages (id, freelancer_id, language_id) values (19, 38, 9);
insert into freelancer_languages (id, freelancer_id, language_id) values (20, 31, 49);
insert into freelancer_languages (id, freelancer_id, language_id) values (21, 91, 31);
insert into freelancer_languages (id, freelancer_id, language_id) values (22, 27, 4);
insert into freelancer_languages (id, freelancer_id, language_id) values (23, 43, 20);
insert into freelancer_languages (id, freelancer_id, language_id) values (24, 75, 19);
insert into freelancer_languages (id, freelancer_id, language_id) values (25, 78, 5);
insert into freelancer_languages (id, freelancer_id, language_id) values (26, 2, 39);
insert into freelancer_languages (id, freelancer_id, language_id) values (27, 80, 26);
insert into freelancer_languages (id, freelancer_id, language_id) values (28, 26, 7);
insert into freelancer_languages (id, freelancer_id, language_id) values (29, 21, 35);
insert into freelancer_languages (id, freelancer_id, language_id) values (30, 24, 16);
insert into freelancer_languages (id, freelancer_id, language_id) values (31, 85, 15);
insert into freelancer_languages (id, freelancer_id, language_id) values (32, 15, 15);
insert into freelancer_languages (id, freelancer_id, language_id) values (33, 25, 11);
insert into freelancer_languages (id, freelancer_id, language_id) values (34, 28, 15);
insert into freelancer_languages (id, freelancer_id, language_id) values (35, 94, 5);
insert into freelancer_languages (id, freelancer_id, language_id) values (36, 48, 2);
insert into freelancer_languages (id, freelancer_id, language_id) values (37, 15, 47);
insert into freelancer_languages (id, freelancer_id, language_id) values (38, 6, 29);
insert into freelancer_languages (id, freelancer_id, language_id) values (39, 41, 14);
insert into freelancer_languages (id, freelancer_id, language_id) values (40, 20, 37);
insert into freelancer_languages (id, freelancer_id, language_id) values (41, 45, 28);
insert into freelancer_languages (id, freelancer_id, language_id) values (42, 16, 48);
insert into freelancer_languages (id, freelancer_id, language_id) values (43, 39, 24);
insert into freelancer_languages (id, freelancer_id, language_id) values (44, 61, 42);
insert into freelancer_languages (id, freelancer_id, language_id) values (45, 52, 2);
insert into freelancer_languages (id, freelancer_id, language_id) values (46, 89, 15);
insert into freelancer_languages (id, freelancer_id, language_id) values (47, 70, 44);
insert into freelancer_languages (id, freelancer_id, language_id) values (48, 94, 21);
insert into freelancer_languages (id, freelancer_id, language_id) values (49, 39, 36);
insert into freelancer_languages (id, freelancer_id, language_id) values (50, 48, 48);
insert into freelancer_languages (id, freelancer_id, language_id) values (51, 8, 21);
insert into freelancer_languages (id, freelancer_id, language_id) values (52, 43, 17);
insert into freelancer_languages (id, freelancer_id, language_id) values (53, 64, 5);
insert into freelancer_languages (id, freelancer_id, language_id) values (54, 22, 14);
insert into freelancer_languages (id, freelancer_id, language_id) values (55, 35, 7);
insert into freelancer_languages (id, freelancer_id, language_id) values (56, 61, 30);
insert into freelancer_languages (id, freelancer_id, language_id) values (57, 65, 7);
insert into freelancer_languages (id, freelancer_id, language_id) values (58, 29, 3);
insert into freelancer_languages (id, freelancer_id, language_id) values (59, 91, 32);
insert into freelancer_languages (id, freelancer_id, language_id) values (60, 5, 11);
insert into freelancer_languages (id, freelancer_id, language_id) values (61, 4, 23);
insert into freelancer_languages (id, freelancer_id, language_id) values (62, 75, 11);
insert into freelancer_languages (id, freelancer_id, language_id) values (63, 89, 7);
insert into freelancer_languages (id, freelancer_id, language_id) values (64, 54, 39);
insert into freelancer_languages (id, freelancer_id, language_id) values (65, 80, 27);
insert into freelancer_languages (id, freelancer_id, language_id) values (66, 59, 42);
insert into freelancer_languages (id, freelancer_id, language_id) values (67, 75, 23);
insert into freelancer_languages (id, freelancer_id, language_id) values (68, 93, 25);
insert into freelancer_languages (id, freelancer_id, language_id) values (69, 40, 7);
insert into freelancer_languages (id, freelancer_id, language_id) values (70, 20, 1);
insert into freelancer_languages (id, freelancer_id, language_id) values (71, 10, 37);
insert into freelancer_languages (id, freelancer_id, language_id) values (72, 43, 37);
insert into freelancer_languages (id, freelancer_id, language_id) values (73, 24, 14);
insert into freelancer_languages (id, freelancer_id, language_id) values (74, 61, 44);
insert into freelancer_languages (id, freelancer_id, language_id) values (75, 19, 12);
insert into freelancer_languages (id, freelancer_id, language_id) values (76, 95, 45);
insert into freelancer_languages (id, freelancer_id, language_id) values (77, 73, 5);
insert into freelancer_languages (id, freelancer_id, language_id) values (78, 73, 33);
insert into freelancer_languages (id, freelancer_id, language_id) values (79, 33, 21);
insert into freelancer_languages (id, freelancer_id, language_id) values (80, 79, 3);
insert into freelancer_languages (id, freelancer_id, language_id) values (81, 63, 36);
insert into freelancer_languages (id, freelancer_id, language_id) values (82, 10, 28);
insert into freelancer_languages (id, freelancer_id, language_id) values (83, 17, 5);
insert into freelancer_languages (id, freelancer_id, language_id) values (84, 50, 24);
insert into freelancer_languages (id, freelancer_id, language_id) values (85, 59, 22);
insert into freelancer_languages (id, freelancer_id, language_id) values (86, 27, 36);
insert into freelancer_languages (id, freelancer_id, language_id) values (87, 70, 9);
insert into freelancer_languages (id, freelancer_id, language_id) values (88, 49, 25);
insert into freelancer_languages (id, freelancer_id, language_id) values (89, 72, 41);
insert into freelancer_languages (id, freelancer_id, language_id) values (90, 70, 22);
insert into freelancer_languages (id, freelancer_id, language_id) values (91, 34, 50);
insert into freelancer_languages (id, freelancer_id, language_id) values (92, 57, 39);
insert into freelancer_languages (id, freelancer_id, language_id) values (93, 90, 45);
insert into freelancer_languages (id, freelancer_id, language_id) values (94, 50, 50);
insert into freelancer_languages (id, freelancer_id, language_id) values (95, 19, 17);
insert into freelancer_languages (id, freelancer_id, language_id) values (96, 69, 26);
insert into freelancer_languages (id, freelancer_id, language_id) values (97, 83, 1);

insert into categories (id, category_name, description) values (1, 'Tax Accountant', 'ridiculus mus vivamus vestibulum sagittis sapien cum sociis natoque penatibus et magnis dis parturient montes nascetur ridiculus mus');
insert into categories (id, category_name, description) values (2, 'VP Quality Control', 'nunc donec quis orci eget orci vehicula condimentum curabitur in libero ut massa volutpat convallis morbi odio odio elementum');
insert into categories (id, category_name, description) values (3, 'Computer Systems Analyst IV', 'ligula nec sem duis aliquam convallis nunc proin at turpis a pede posuere nonummy integer non velit donec');
insert into categories (id, category_name, description) values (4, 'Nurse Practicioner', 'nisl nunc nisl duis bibendum felis sed interdum venenatis turpis enim blandit mi in porttitor pede');
insert into categories (id, category_name, description) values (5, 'Help Desk Technician', 'neque vestibulum eget vulputate ut ultrices vel augue vestibulum ante ipsum primis in');
insert into categories (id, category_name, description) values (6, 'Registered Nurse', 'enim lorem ipsum dolor sit amet consectetuer');
insert into categories (id, category_name, description) values (7, 'Office Assistant IV', 'ut mauris eget massa tempor convallis');
insert into categories (id, category_name, description) values (8, 'Sales Representative', 'pretium iaculis diam erat fermentum justo nec');
insert into categories (id, category_name, description) values (9, 'Structural Analysis Engineer', 'quis lectus suspendisse potenti in eleifend quam a odio');
insert into categories (id, category_name, description) values (10, 'VP Quality Control', 'placerat praesent blandit nam nulla integer pede justo lacinia eget tincidunt eget tempus vel pede');
insert into categories (id, category_name, description) values (11, 'Internal Auditor', 'vivamus tortor duis mattis egestas metus aenean fermentum donec ut mauris');
insert into categories (id, category_name, description) values (12, 'Help Desk Technician', 'rhoncus aliquet pulvinar sed nisl nunc rhoncus dui vel sem');
insert into categories (id, category_name, description) values (13, 'Administrative Assistant III', 'ultrices mattis odio donec vitae nisi nam ultrices libero non mattis pulvinar nulla pede ullamcorper augue a suscipit');
insert into categories (id, category_name, description) values (14, 'Budget/Accounting Analyst III', 'quam nec dui luctus rutrum nulla');
insert into categories (id, category_name, description) values (15, 'Dental Hygienist', 'magna bibendum imperdiet nullam orci pede venenatis non sodales sed tincidunt eu felis fusce posuere felis sed lacus morbi');
insert into categories (id, category_name, description) values (16, 'Software Consultant', 'sapien non mi integer ac neque duis bibendum morbi non quam nec dui');
insert into categories (id, category_name, description) values (17, 'Physical Therapy Assistant', 'vehicula condimentum curabitur in libero ut massa volutpat convallis morbi odio odio elementum eu interdum eu');
insert into categories (id, category_name, description) values (18, 'Budget/Accounting Analyst III', 'lacus morbi sem mauris laoreet ut rhoncus aliquet pulvinar');
insert into categories (id, category_name, description) values (19, 'Office Assistant II', 'nec nisi volutpat eleifend donec ut dolor morbi vel lectus in quam fringilla rhoncus');
insert into categories (id, category_name, description) values (20, 'Database Administrator I', 'lorem quisque ut erat curabitur gravida');
insert into categories (id, category_name, description) values (21, 'Computer Systems Analyst II', 'in hac habitasse platea dictumst aliquam augue quam sollicitudin vitae consectetuer eget rutrum at lorem integer tincidunt');
insert into categories (id, category_name, description) values (22, 'Speech Pathologist', 'vivamus vel nulla eget eros elementum pellentesque quisque porta volutpat erat quisque erat');
insert into categories (id, category_name, description) values (23, 'Legal Assistant', 'magna at nunc commodo placerat praesent blandit nam nulla integer pede justo lacinia eget tincidunt eget');
insert into categories (id, category_name, description) values (24, 'Human Resources Assistant I', 'primis in faucibus orci luctus et ultrices posuere cubilia curae donec pharetra');
insert into categories (id, category_name, description) values (25, 'Payment Adjustment Coordinator', 'tortor duis mattis egestas metus aenean fermentum donec ut mauris eget massa tempor convallis nulla neque');
insert into categories (id, category_name, description) values (26, 'Account Coordinator', 'pede libero quis orci nullam molestie');
insert into categories (id, category_name, description) values (27, 'Environmental Tech', 'velit id pretium iaculis diam erat');
insert into categories (id, category_name, description) values (28, 'Senior Developer', 'aenean sit amet justo morbi ut odio cras mi pede malesuada in imperdiet et commodo vulputate justo');
insert into categories (id, category_name, description) values (29, 'Desktop Support Technician', 'nulla justo aliquam quis turpis eget elit sodales');
insert into categories (id, category_name, description) values (30, 'Human Resources Manager', 'vivamus vestibulum sagittis sapien cum sociis natoque penatibus');
insert into categories (id, category_name, description) values (31, 'VP Quality Control', 'blandit nam nulla integer pede justo lacinia eget tincidunt eget tempus vel pede morbi porttitor lorem id ligula');
insert into categories (id, category_name, description) values (32, 'Developer III', 'eget elit sodales scelerisque mauris sit amet eros suspendisse accumsan tortor quis turpis sed ante');
insert into categories (id, category_name, description) values (33, 'Marketing Assistant', 'natoque penatibus et magnis dis parturient montes nascetur ridiculus mus etiam vel augue vestibulum rutrum');
insert into categories (id, category_name, description) values (34, 'Analog Circuit Design manager', 'vestibulum aliquet ultrices erat tortor sollicitudin mi');
insert into categories (id, category_name, description) values (35, 'Web Developer III', 'ut blandit non interdum in ante vestibulum ante ipsum primis');
insert into categories (id, category_name, description) values (36, 'Junior Executive', 'ipsum dolor sit amet consectetuer adipiscing elit proin interdum mauris non ligula pellentesque ultrices phasellus id sapien in');
insert into categories (id, category_name, description) values (37, 'Social Worker', 'sit amet consectetuer adipiscing elit proin interdum mauris non ligula pellentesque ultrices phasellus id sapien');
insert into categories (id, category_name, description) values (38, 'Account Coordinator', 'congue risus semper porta volutpat');
insert into categories (id, category_name, description) values (39, 'Budget/Accounting Analyst IV', 'rutrum nulla tellus in sagittis dui vel nisl duis ac nibh fusce');
insert into categories (id, category_name, description) values (40, 'Assistant Professor', 'montes nascetur ridiculus mus vivamus vestibulum sagittis sapien');
insert into categories (id, category_name, description) values (41, 'Teacher', 'amet eros suspendisse accumsan tortor quis turpis sed ante vivamus');
insert into categories (id, category_name, description) values (42, 'Senior Cost Accountant', 'nunc vestibulum ante ipsum primis in faucibus orci');
insert into categories (id, category_name, description) values (43, 'VP Accounting', 'amet diam in magna bibendum imperdiet nullam orci pede venenatis non sodales sed');
insert into categories (id, category_name, description) values (44, 'Social Worker', 'sapien varius ut blandit non interdum in ante vestibulum ante ipsum primis in faucibus');
insert into categories (id, category_name, description) values (45, 'General Manager', 'cursus id turpis integer aliquet massa id lobortis convallis tortor risus dapibus augue vel accumsan tellus nisi eu orci mauris');
insert into categories (id, category_name, description) values (46, 'Staff Scientist', 'pede venenatis non sodales sed tincidunt');
insert into categories (id, category_name, description) values (47, 'Graphic Designer', 'amet erat nulla tempus vivamus in felis eu sapien cursus vestibulum');
insert into categories (id, category_name, description) values (48, 'Financial Advisor', 'imperdiet et commodo vulputate justo in blandit ultrices enim lorem ipsum');
insert into categories (id, category_name, description) values (49, 'Desktop Support Technician', 'cubilia curae nulla dapibus dolor vel est donec odio justo sollicitudin');
insert into categories (id, category_name, description) values (50, 'Technical Writer', 'nulla mollis molestie lorem quisque ut erat curabitur gravida nisi at');
insert into categories (id, category_name, description) values (51, 'Physical Therapy Assistant', 'vivamus metus arcu adipiscing molestie hendrerit at');
insert into categories (id, category_name, description) values (52, 'Desktop Support Technician', 'vel est donec odio justo sollicitudin ut suscipit a feugiat et eros vestibulum ac est');
insert into categories (id, category_name, description) values (53, 'Programmer II', 'auctor sed tristique in tempus sit');
insert into categories (id, category_name, description) values (54, 'Information Systems Manager', 'nullam porttitor lacus at turpis donec posuere metus vitae ipsum aliquam non mauris morbi non lectus aliquam sit amet');
insert into categories (id, category_name, description) values (55, 'Structural Engineer', 'et magnis dis parturient montes nascetur ridiculus mus vivamus');
insert into categories (id, category_name, description) values (56, 'Marketing Manager', 'at nibh in hac habitasse platea dictumst aliquam augue quam sollicitudin vitae consectetuer');
insert into categories (id, category_name, description) values (57, 'Web Designer III', 'ornare consequat lectus in est risus auctor sed tristique in tempus sit amet sem fusce');
insert into categories (id, category_name, description) values (58, 'Compensation Analyst', 'vestibulum quam sapien varius ut blandit non interdum in ante vestibulum ante ipsum primis in faucibus orci luctus et');
insert into categories (id, category_name, description) values (59, 'Nurse Practicioner', 'proin eu mi nulla ac enim in tempor turpis nec euismod scelerisque quam');
insert into categories (id, category_name, description) values (60, 'Teacher', 'ante ipsum primis in faucibus orci luctus et ultrices posuere cubilia curae donec pharetra magna');
insert into categories (id, category_name, description) values (61, 'Automation Specialist IV', 'et ultrices posuere cubilia curae duis faucibus accumsan odio curabitur convallis duis consequat dui nec nisi volutpat eleifend');
insert into categories (id, category_name, description) values (62, 'Media Manager II', 'sapien in sapien iaculis congue vivamus metus arcu adipiscing molestie hendrerit at');
insert into categories (id, category_name, description) values (63, 'Tax Accountant', 'sit amet lobortis sapien sapien non mi integer ac neque duis bibendum morbi non');
insert into categories (id, category_name, description) values (64, 'Account Executive', 'congue risus semper porta volutpat quam pede lobortis ligula');
insert into categories (id, category_name, description) values (65, 'Web Developer II', 'nulla suscipit ligula in lacus');
insert into categories (id, category_name, description) values (66, 'Teacher', 'congue vivamus metus arcu adipiscing molestie hendrerit at vulputate vitae');
insert into categories (id, category_name, description) values (67, 'Research Associate', 'sed nisl nunc rhoncus dui vel sem sed sagittis nam congue risus semper porta volutpat quam');
insert into categories (id, category_name, description) values (68, 'Electrical Engineer', 'in hac habitasse platea dictumst morbi vestibulum velit id pretium iaculis');
insert into categories (id, category_name, description) values (69, 'Mechanical Systems Engineer', 'erat volutpat in congue etiam justo etiam pretium iaculis justo');
insert into categories (id, category_name, description) values (70, 'Recruiting Manager', 'aliquam erat volutpat in congue etiam justo etiam pretium iaculis justo in hac habitasse platea dictumst etiam faucibus cursus');
insert into categories (id, category_name, description) values (71, 'Dental Hygienist', 'vivamus vel nulla eget eros elementum pellentesque quisque porta volutpat');
insert into categories (id, category_name, description) values (72, 'Chemical Engineer', 'aliquam lacus morbi quis tortor id nulla ultrices aliquet maecenas');
insert into categories (id, category_name, description) values (73, 'VP Marketing', 'aenean lectus pellentesque eget nunc donec quis orci eget orci vehicula');
insert into categories (id, category_name, description) values (74, 'Professor', 'quisque ut erat curabitur gravida nisi at nibh in');
insert into categories (id, category_name, description) values (75, 'General Manager', 'justo aliquam quis turpis eget elit sodales scelerisque mauris sit amet eros suspendisse accumsan tortor quis turpis sed ante');
insert into categories (id, category_name, description) values (76, 'Teacher', 'orci mauris lacinia sapien quis libero nullam sit amet turpis');
insert into categories (id, category_name, description) values (77, 'Social Worker', 'at lorem integer tincidunt ante vel ipsum praesent blandit lacinia erat vestibulum');
insert into categories (id, category_name, description) values (78, 'VP Marketing', 'in imperdiet et commodo vulputate justo in blandit ultrices enim lorem ipsum dolor');
insert into categories (id, category_name, description) values (79, 'General Manager', 'ac neque duis bibendum morbi non quam nec dui luctus rutrum nulla tellus in sagittis dui vel nisl duis');
insert into categories (id, category_name, description) values (80, 'Senior Editor', 'hac habitasse platea dictumst aliquam augue quam sollicitudin vitae consectetuer eget rutrum at lorem');
insert into categories (id, category_name, description) values (81, 'Engineer IV', 'nisl duis ac nibh fusce lacus purus aliquet at feugiat non pretium quis lectus suspendisse potenti');
insert into categories (id, category_name, description) values (82, 'Staff Scientist', 'cubilia curae mauris viverra diam vitae quam suspendisse potenti');
insert into categories (id, category_name, description) values (83, 'Administrative Officer', 'sed nisl nunc rhoncus dui vel sem sed sagittis nam congue risus semper porta volutpat quam pede lobortis ligula');
insert into categories (id, category_name, description) values (84, 'Dental Hygienist', 'sem praesent id massa id nisl venenatis lacinia aenean');
insert into categories (id, category_name, description) values (85, 'Quality Control Specialist', 'id mauris vulputate elementum nullam varius nulla facilisi cras non velit nec');
insert into categories (id, category_name, description) values (86, 'Structural Engineer', 'morbi non quam nec dui');
insert into categories (id, category_name, description) values (87, 'Systems Administrator III', 'amet nunc viverra dapibus nulla suscipit ligula in');
insert into categories (id, category_name, description) values (88, 'Dental Hygienist', 'lectus vestibulum quam sapien varius');
insert into categories (id, category_name, description) values (89, 'Senior Developer', 'nibh ligula nec sem duis aliquam convallis nunc proin at turpis a');
insert into categories (id, category_name, description) values (90, 'Help Desk Technician', 'morbi vel lectus in quam fringilla rhoncus');
insert into categories (id, category_name, description) values (91, 'Technical Writer', 'dapibus duis at velit eu');
insert into categories (id, category_name, description) values (92, 'Marketing Assistant', 'vivamus vel nulla eget eros elementum pellentesque quisque porta volutpat erat quisque erat eros viverra eget congue eget semper');
insert into categories (id, category_name, description) values (93, 'Web Developer II', 'neque duis bibendum morbi non quam nec dui luctus rutrum nulla tellus in sagittis dui vel');
insert into categories (id, category_name, description) values (94, 'Mechanical Systems Engineer', 'id mauris vulputate elementum nullam varius nulla facilisi');
insert into categories (id, category_name, description) values (95, 'Assistant Media Planner', 'nulla ut erat id mauris');
insert into categories (id, category_name, description) values (96, 'Programmer I', 'mauris non ligula pellentesque ultrices phasellus id sapien in sapien iaculis');
insert into categories (id, category_name, description) values (97, 'Engineer IV', 'morbi sem mauris laoreet ut rhoncus aliquet pulvinar sed nisl nunc rhoncus');
insert into categories (id, category_name, description) values (98, 'Developer I', 'congue risus semper porta volutpat quam pede lobortis ligula sit amet');
insert into categories (id, category_name, description) values (99, 'Environmental Specialist', 'lacinia aenean sit amet justo');
insert into categories (id, category_name, description) values (100, 'Developer IV', 'vitae ipsum aliquam non mauris morbi non lectus aliquam sit amet diam in magna bibendum imperdiet nullam orci');

insert into gigs (id, freelancer_id, category_id, gig_name) values (1, 33, 89, 'felis ut at');
insert into gigs (id, freelancer_id, category_id, gig_name) values (2, 56, 72, 'pretium nisl ut volutpat sapien');
insert into gigs (id, freelancer_id, category_id, gig_name) values (3, 23, 57, 'et');
insert into gigs (id, freelancer_id, category_id, gig_name) values (4, 38, 35, 'tellus semper interdum mauris');
insert into gigs (id, freelancer_id, category_id, gig_name) values (5, 81, 80, 'tincidunt lacus at velit vivamus');
insert into gigs (id, freelancer_id, category_id, gig_name) values (6, 46, 57, 'ultrices mattis odio donec');
insert into gigs (id, freelancer_id, category_id, gig_name) values (7, 15, 37, 'odio');
insert into gigs (id, freelancer_id, category_id, gig_name) values (8, 83, 10, 'libero nam dui proin');
insert into gigs (id, freelancer_id, category_id, gig_name) values (9, 66, 8, 'morbi porttitor lorem id ligula');
insert into gigs (id, freelancer_id, category_id, gig_name) values (10, 13, 64, 'leo odio porttitor id consequat');
insert into gigs (id, freelancer_id, category_id, gig_name) values (11, 9, 90, 'primis in');
insert into gigs (id, freelancer_id, category_id, gig_name) values (12, 29, 48, 'justo morbi ut odio');
insert into gigs (id, freelancer_id, category_id, gig_name) values (13, 31, 58, 'libero ut');
insert into gigs (id, freelancer_id, category_id, gig_name) values (14, 70, 18, 'penatibus et magnis dis parturient');
insert into gigs (id, freelancer_id, category_id, gig_name) values (15, 92, 1, 'velit donec diam neque vestibulum');
insert into gigs (id, freelancer_id, category_id, gig_name) values (16, 5, 52, 'sapien a');
insert into gigs (id, freelancer_id, category_id, gig_name) values (17, 69, 88, 'mauris vulputate elementum nullam');
insert into gigs (id, freelancer_id, category_id, gig_name) values (18, 88, 21, 'cubilia curae');
insert into gigs (id, freelancer_id, category_id, gig_name) values (19, 11, 65, 'eget massa tempor convallis nulla');
insert into gigs (id, freelancer_id, category_id, gig_name) values (20, 49, 61, 'morbi a ipsum integer a');
insert into gigs (id, freelancer_id, category_id, gig_name) values (21, 63, 38, 'sapien urna');
insert into gigs (id, freelancer_id, category_id, gig_name) values (22, 27, 96, 'orci nullam molestie');
insert into gigs (id, freelancer_id, category_id, gig_name) values (23, 88, 25, 'justo nec condimentum');
insert into gigs (id, freelancer_id, category_id, gig_name) values (24, 36, 80, 'vitae');
insert into gigs (id, freelancer_id, category_id, gig_name) values (25, 97, 56, 'erat volutpat in');
insert into gigs (id, freelancer_id, category_id, gig_name) values (26, 53, 69, 'sit amet');
insert into gigs (id, freelancer_id, category_id, gig_name) values (27, 97, 32, 'interdum mauris ullamcorper');
insert into gigs (id, freelancer_id, category_id, gig_name) values (28, 55, 82, 'sagittis nam congue risus semper');
insert into gigs (id, freelancer_id, category_id, gig_name) values (29, 26, 56, 'lacinia');
insert into gigs (id, freelancer_id, category_id, gig_name) values (30, 2, 11, 'phasellus in felis');
insert into gigs (id, freelancer_id, category_id, gig_name) values (31, 4, 52, 'odio odio elementum eu');
insert into gigs (id, freelancer_id, category_id, gig_name) values (32, 79, 100, 'sem mauris laoreet');
insert into gigs (id, freelancer_id, category_id, gig_name) values (33, 17, 45, 'semper');
insert into gigs (id, freelancer_id, category_id, gig_name) values (34, 40, 53, 'varius integer ac');
insert into gigs (id, freelancer_id, category_id, gig_name) values (35, 25, 15, 'mattis odio donec vitae');
insert into gigs (id, freelancer_id, category_id, gig_name) values (36, 72, 93, 'cursus id turpis');
insert into gigs (id, freelancer_id, category_id, gig_name) values (37, 85, 21, 'leo maecenas pulvinar lobortis');
insert into gigs (id, freelancer_id, category_id, gig_name) values (38, 90, 60, 'mauris vulputate elementum');
insert into gigs (id, freelancer_id, category_id, gig_name) values (39, 54, 27, 'luctus nec molestie');
insert into gigs (id, freelancer_id, category_id, gig_name) values (40, 10, 39, 'vitae nisi');
insert into gigs (id, freelancer_id, category_id, gig_name) values (41, 73, 36, 'ante vel');
insert into gigs (id, freelancer_id, category_id, gig_name) values (42, 34, 18, 'at ipsum ac');
insert into gigs (id, freelancer_id, category_id, gig_name) values (43, 61, 19, 'ultrices posuere cubilia curae');
insert into gigs (id, freelancer_id, category_id, gig_name) values (44, 9, 7, 'diam nam');
insert into gigs (id, freelancer_id, category_id, gig_name) values (45, 39, 87, 'vestibulum sit amet');
insert into gigs (id, freelancer_id, category_id, gig_name) values (46, 55, 6, 'quisque porta volutpat erat quisque');
insert into gigs (id, freelancer_id, category_id, gig_name) values (47, 60, 11, 'proin risus praesent lectus');
insert into gigs (id, freelancer_id, category_id, gig_name) values (48, 32, 86, 'eget tincidunt eget');
insert into gigs (id, freelancer_id, category_id, gig_name) values (49, 51, 34, 'amet eleifend pede libero');
insert into gigs (id, freelancer_id, category_id, gig_name) values (50, 15, 30, 'varius');
insert into gigs (id, freelancer_id, category_id, gig_name) values (51, 15, 94, 'consectetuer adipiscing');
insert into gigs (id, freelancer_id, category_id, gig_name) values (52, 69, 7, 'dui vel sem sed');
insert into gigs (id, freelancer_id, category_id, gig_name) values (53, 2, 55, 'erat tortor');
insert into gigs (id, freelancer_id, category_id, gig_name) values (54, 7, 78, 'sollicitudin vitae consectetuer');
insert into gigs (id, freelancer_id, category_id, gig_name) values (55, 40, 70, 'ante ipsum primis in');
insert into gigs (id, freelancer_id, category_id, gig_name) values (56, 95, 46, 'vulputate nonummy');
insert into gigs (id, freelancer_id, category_id, gig_name) values (57, 66, 29, 'posuere');
insert into gigs (id, freelancer_id, category_id, gig_name) values (58, 84, 78, 'ridiculus mus etiam');
insert into gigs (id, freelancer_id, category_id, gig_name) values (59, 14, 85, 'vitae');
insert into gigs (id, freelancer_id, category_id, gig_name) values (60, 37, 35, 'pede');
insert into gigs (id, freelancer_id, category_id, gig_name) values (61, 76, 22, 'massa id lobortis convallis');
insert into gigs (id, freelancer_id, category_id, gig_name) values (62, 25, 2, 'consequat lectus in est');
insert into gigs (id, freelancer_id, category_id, gig_name) values (63, 30, 64, 'habitasse platea dictumst morbi vestibulum');
insert into gigs (id, freelancer_id, category_id, gig_name) values (64, 50, 54, 'nulla');
insert into gigs (id, freelancer_id, category_id, gig_name) values (65, 24, 29, 'at feugiat non pretium');
insert into gigs (id, freelancer_id, category_id, gig_name) values (66, 41, 36, 'vivamus metus');
insert into gigs (id, freelancer_id, category_id, gig_name) values (67, 37, 70, 'tellus in sagittis dui vel');
insert into gigs (id, freelancer_id, category_id, gig_name) values (68, 18, 71, 'convallis nunc proin');
insert into gigs (id, freelancer_id, category_id, gig_name) values (69, 54, 88, 'enim sit');
insert into gigs (id, freelancer_id, category_id, gig_name) values (70, 82, 20, 'eu sapien cursus vestibulum proin');
insert into gigs (id, freelancer_id, category_id, gig_name) values (71, 53, 84, 'convallis tortor risus dapibus');
insert into gigs (id, freelancer_id, category_id, gig_name) values (72, 94, 38, 'lacus morbi');
insert into gigs (id, freelancer_id, category_id, gig_name) values (73, 82, 13, 'eleifend pede');
insert into gigs (id, freelancer_id, category_id, gig_name) values (74, 92, 56, 'habitasse platea dictumst');
insert into gigs (id, freelancer_id, category_id, gig_name) values (75, 36, 42, 'quis lectus suspendisse potenti in');
insert into gigs (id, freelancer_id, category_id, gig_name) values (76, 71, 56, 'sit amet nunc');
insert into gigs (id, freelancer_id, category_id, gig_name) values (77, 74, 96, 'eget rutrum at lorem');
insert into gigs (id, freelancer_id, category_id, gig_name) values (78, 86, 96, 'nascetur ridiculus mus');
insert into gigs (id, freelancer_id, category_id, gig_name) values (79, 1, 68, 'turpis eget');
insert into gigs (id, freelancer_id, category_id, gig_name) values (80, 72, 47, 'vestibulum sit amet cursus id');
insert into gigs (id, freelancer_id, category_id, gig_name) values (81, 24, 66, 'at diam nam');
insert into gigs (id, freelancer_id, category_id, gig_name) values (82, 11, 69, 'amet diam in magna bibendum');
insert into gigs (id, freelancer_id, category_id, gig_name) values (83, 39, 42, 'lorem id');
insert into gigs (id, freelancer_id, category_id, gig_name) values (84, 62, 100, 'et tempus semper est quam');
insert into gigs (id, freelancer_id, category_id, gig_name) values (85, 50, 31, 'ultrices phasellus id');
insert into gigs (id, freelancer_id, category_id, gig_name) values (86, 72, 96, 'eget');
insert into gigs (id, freelancer_id, category_id, gig_name) values (87, 65, 35, 'quam turpis adipiscing');
insert into gigs (id, freelancer_id, category_id, gig_name) values (88, 60, 73, 'scelerisque mauris sit amet');
insert into gigs (id, freelancer_id, category_id, gig_name) values (89, 55, 46, 'faucibus accumsan');
insert into gigs (id, freelancer_id, category_id, gig_name) values (90, 80, 49, 'erat vestibulum sed');
insert into gigs (id, freelancer_id, category_id, gig_name) values (91, 17, 83, 'aliquam quis turpis eget elit');
insert into gigs (id, freelancer_id, category_id, gig_name) values (92, 3, 10, 'in');
insert into gigs (id, freelancer_id, category_id, gig_name) values (93, 24, 76, 'consectetuer');
insert into gigs (id, freelancer_id, category_id, gig_name) values (94, 81, 19, 'suspendisse potenti nullam porttitor lacus');
insert into gigs (id, freelancer_id, category_id, gig_name) values (95, 80, 29, 'tellus semper interdum mauris');
insert into gigs (id, freelancer_id, category_id, gig_name) values (96, 1, 71, 'libero quis');
insert into gigs (id, freelancer_id, category_id, gig_name) values (97, 65, 67, 'consequat varius integer');
insert into gigs (id, freelancer_id, category_id, gig_name) values (98, 31, 100, 'nullam sit amet turpis');
insert into gigs (id, freelancer_id, category_id, gig_name) values (99, 20, 70, 'odio curabitur convallis duis consequat');
insert into gigs (id, freelancer_id, category_id, gig_name) values (100, 61, 3, 'maecenas ut');

insert into reviews (id, customer_id, gig_id, content, rating) values (1, 156, 34, 'rutrum at lorem integer tincidunt ante vel ipsum praesent blandit lacinia erat vestibulum sed magna at nunc commodo placerat praesent blandit nam nulla integer pede justo lacinia eget tincidunt eget tempus vel pede morbi porttitor lorem id ligula suspendisse ornare consequat lectus in est risus auctor sed tristique in tempus sit amet sem fusce consequat nulla nisl nunc nisl duis bibendum felis sed interdum', 8);
insert into reviews (id, customer_id, gig_id, content, rating) values (2, 168, 40, 'lectus pellentesque at nulla suspendisse potenti cras in purus eu magna vulputate luctus cum sociis natoque penatibus et magnis dis parturient montes nascetur ridiculus mus vivamus vestibulum sagittis sapien cum sociis natoque penatibus et magnis dis parturient montes nascetur ridiculus mus etiam vel augue vestibulum rutrum rutrum neque aenean auctor gravida sem praesent id massa id nisl venenatis lacinia aenean sit amet justo morbi ut odio cras mi pede malesuada in imperdiet et commodo vulputate justo in blandit ultrices enim lorem ipsum dolor sit', 10);
insert into reviews (id, customer_id, gig_id, content, rating) values (3, 36, 29, 'cubilia curae mauris viverra diam vitae quam suspendisse potenti nullam porttitor lacus at turpis donec posuere metus vitae ipsum aliquam non mauris morbi non lectus aliquam sit amet diam in magna bibendum imperdiet', 2);
insert into reviews (id, customer_id, gig_id, content, rating) values (4, 49, 84, 'nullam molestie nibh in lectus pellentesque at nulla suspendisse potenti cras in purus eu magna vulputate luctus cum sociis natoque penatibus et magnis dis parturient montes nascetur ridiculus mus vivamus vestibulum sagittis sapien cum sociis natoque penatibus et magnis dis parturient montes nascetur ridiculus mus etiam vel augue vestibulum rutrum rutrum neque aenean auctor gravida sem praesent', 7);
insert into reviews (id, customer_id, gig_id, content, rating) values (5, 111, 82, 'sapien iaculis congue vivamus metus arcu adipiscing molestie hendrerit at vulputate vitae nisl aenean lectus pellentesque eget nunc donec quis orci eget orci vehicula condimentum curabitur in libero ut massa volutpat convallis morbi odio odio elementum eu interdum eu tincidunt in leo maecenas pulvinar lobortis est phasellus sit amet erat nulla tempus vivamus in felis eu sapien cursus vestibulum proin eu mi nulla ac enim in tempor turpis nec euismod scelerisque quam turpis adipiscing lorem vitae mattis nibh ligula nec sem duis aliquam convallis nunc proin at turpis a pede posuere nonummy integer non velit donec diam neque vestibulum eget vulputate ut ultrices vel augue vestibulum ante ipsum primis in faucibus orci luctus et ultrices posuere cubilia curae donec pharetra magna vestibulum aliquet ultrices erat tortor sollicitudin mi sit amet lobortis sapien sapien non mi integer ac neque duis bibendum morbi non quam nec dui luctus rutrum nulla tellus in sagittis dui vel nisl duis ac nibh fusce lacus purus aliquet at feugiat non pretium quis lectus suspendisse potenti in eleifend quam a odio in hac habitasse platea dictumst maecenas ut massa quis augue luctus', 3);
insert into reviews (id, customer_id, gig_id, content, rating) values (6, 185, 41, 'libero nam dui proin leo odio porttitor id consequat in consequat ut nulla sed accumsan felis ut at dolor quis odio consequat varius integer ac leo pellentesque ultrices mattis odio donec vitae nisi nam ultrices libero non mattis pulvinar nulla pede ullamcorper augue a suscipit', 9);
insert into reviews (id, customer_id, gig_id, content, rating) values (7, 31, 76, 'dictumst morbi vestibulum velit id pretium iaculis diam erat fermentum justo nec condimentum neque sapien placerat ante nulla justo aliquam quis turpis eget elit sodales scelerisque mauris sit amet eros suspendisse accumsan tortor quis turpis sed ante vivamus tortor duis mattis egestas metus aenean fermentum donec ut mauris eget massa tempor convallis nulla neque libero convallis eget eleifend luctus ultricies eu nibh quisque id justo sit amet sapien dignissim vestibulum vestibulum ante ipsum primis in faucibus orci luctus et ultrices posuere cubilia curae nulla dapibus dolor vel est donec odio justo sollicitudin ut suscipit a feugiat et eros vestibulum ac est lacinia nisi venenatis tristique fusce congue diam id ornare imperdiet sapien urna pretium nisl ut volutpat sapien arcu sed augue aliquam', 8);
insert into reviews (id, customer_id, gig_id, content, rating) values (8, 40, 11, 'rutrum neque aenean auctor gravida sem praesent id massa id nisl venenatis lacinia aenean sit amet justo morbi ut odio cras mi pede malesuada in imperdiet et commodo vulputate justo in blandit ultrices enim lorem ipsum dolor sit amet consectetuer adipiscing elit proin interdum mauris non ligula pellentesque ultrices phasellus id sapien in sapien iaculis congue vivamus metus arcu adipiscing molestie hendrerit at vulputate vitae nisl aenean lectus pellentesque eget nunc donec quis orci eget orci vehicula condimentum curabitur in libero ut massa volutpat', 8);
insert into reviews (id, customer_id, gig_id, content, rating) values (9, 226, 82, 'maecenas pulvinar lobortis est phasellus sit amet erat nulla tempus vivamus in felis eu sapien cursus vestibulum proin eu mi nulla ac enim in tempor turpis nec euismod scelerisque quam turpis adipiscing lorem vitae mattis nibh ligula nec sem duis aliquam convallis nunc proin at turpis a pede posuere nonummy integer non velit donec diam neque vestibulum eget vulputate ut ultrices vel augue vestibulum ante ipsum primis in faucibus orci luctus et ultrices posuere cubilia curae donec pharetra magna vestibulum aliquet ultrices erat tortor sollicitudin mi sit amet lobortis sapien sapien non mi integer ac neque duis bibendum morbi non quam', 2);
insert into reviews (id, customer_id, gig_id, content, rating) values (10, 167, 88, 'imperdiet et commodo vulputate justo in blandit ultrices enim lorem ipsum dolor sit amet consectetuer adipiscing elit proin interdum mauris non ligula pellentesque ultrices phasellus id sapien in sapien iaculis congue vivamus metus arcu adipiscing molestie hendrerit at vulputate vitae nisl aenean lectus pellentesque eget nunc donec quis orci eget orci vehicula condimentum curabitur in libero ut massa volutpat convallis morbi odio odio elementum eu interdum eu tincidunt in leo maecenas pulvinar lobortis est phasellus sit amet erat nulla tempus vivamus in felis eu sapien cursus vestibulum proin eu mi nulla ac enim in tempor turpis nec euismod scelerisque quam turpis adipiscing lorem vitae mattis nibh ligula nec sem duis aliquam convallis nunc', 4);
insert into reviews (id, customer_id, gig_id, content, rating) values (11, 1, 35, 'vestibulum eget vulputate ut ultrices vel augue vestibulum ante ipsum primis in', 3);
insert into reviews (id, customer_id, gig_id, content, rating) values (12, 128, 67, 'morbi porttitor lorem id ligula suspendisse ornare consequat lectus in est risus auctor sed tristique in tempus sit amet sem fusce consequat nulla nisl nunc nisl duis bibendum felis sed interdum venenatis turpis enim blandit mi in porttitor pede justo eu massa donec dapibus duis at velit eu est congue elementum in hac habitasse platea dictumst morbi vestibulum velit id pretium iaculis diam erat fermentum justo nec condimentum neque sapien placerat ante nulla justo aliquam quis turpis eget elit sodales scelerisque mauris sit amet eros suspendisse accumsan tortor quis turpis sed ante vivamus tortor', 8);
insert into reviews (id, customer_id, gig_id, content, rating) values (13, 179, 16, 'ac est lacinia nisi venenatis tristique fusce congue diam id ornare imperdiet sapien urna pretium nisl ut volutpat sapien arcu sed augue aliquam erat volutpat in congue etiam justo etiam pretium iaculis justo in hac habitasse platea dictumst etiam faucibus cursus urna ut tellus nulla ut erat id mauris vulputate elementum nullam varius nulla facilisi cras non velit nec nisi vulputate nonummy maecenas tincidunt lacus at velit vivamus vel nulla eget eros elementum pellentesque quisque porta volutpat erat quisque erat eros viverra eget congue eget semper rutrum nulla nunc purus phasellus in felis donec semper sapien a libero nam dui proin leo odio porttitor id consequat in consequat ut nulla sed accumsan felis ut at dolor quis odio consequat', 1);
insert into reviews (id, customer_id, gig_id, content, rating) values (14, 108, 77, 'primis in faucibus orci luctus et ultrices posuere cubilia curae duis faucibus accumsan odio curabitur convallis duis consequat dui nec nisi volutpat eleifend donec ut dolor morbi vel lectus in quam fringilla rhoncus mauris enim', 10);
insert into reviews (id, customer_id, gig_id, content, rating) values (15, 50, 81, 'maecenas pulvinar lobortis est phasellus sit amet erat nulla tempus vivamus in felis eu sapien cursus vestibulum proin eu mi nulla ac enim in tempor turpis nec euismod scelerisque quam turpis adipiscing lorem vitae mattis nibh ligula nec sem duis aliquam convallis nunc proin at turpis a pede posuere nonummy integer non velit donec diam neque vestibulum eget vulputate ut ultrices vel augue vestibulum ante ipsum primis in faucibus orci luctus et ultrices posuere cubilia curae donec pharetra magna vestibulum aliquet ultrices erat tortor sollicitudin mi sit amet lobortis sapien sapien non mi integer ac neque duis bibendum morbi non quam nec dui luctus rutrum nulla tellus in sagittis dui vel nisl duis ac nibh fusce lacus purus aliquet at feugiat non pretium quis lectus suspendisse potenti in eleifend quam a odio in hac habitasse platea dictumst maecenas ut massa quis augue luctus tincidunt nulla mollis molestie lorem quisque ut erat curabitur gravida nisi at nibh in hac habitasse platea dictumst aliquam augue quam sollicitudin vitae consectetuer eget rutrum at lorem integer tincidunt ante vel ipsum praesent blandit lacinia erat vestibulum sed magna at nunc commodo', 1);
insert into reviews (id, customer_id, gig_id, content, rating) values (16, 13, 45, 'nonummy maecenas tincidunt lacus at velit vivamus vel nulla eget eros elementum pellentesque quisque porta volutpat erat quisque erat eros viverra eget congue eget semper rutrum nulla nunc purus phasellus in felis donec semper sapien a libero nam dui proin leo odio porttitor id consequat in consequat ut nulla sed accumsan felis ut at dolor quis odio consequat varius integer ac leo pellentesque ultrices mattis odio donec vitae nisi nam ultrices libero non mattis pulvinar nulla pede ullamcorper augue a', 2);
insert into reviews (id, customer_id, gig_id, content, rating) values (17, 8, 61, 'ligula suspendisse ornare consequat lectus in est risus auctor sed tristique in tempus sit amet sem fusce consequat nulla nisl nunc nisl duis bibendum felis sed interdum venenatis turpis enim blandit mi in porttitor pede justo eu massa donec dapibus duis at velit eu est congue elementum in', 1);
insert into reviews (id, customer_id, gig_id, content, rating) values (18, 99, 34, 'consequat dui nec nisi volutpat eleifend donec ut dolor morbi vel lectus in quam fringilla rhoncus mauris enim leo rhoncus sed vestibulum sit amet cursus id turpis integer aliquet massa id lobortis convallis tortor risus dapibus augue vel accumsan tellus nisi eu orci mauris lacinia sapien quis libero nullam sit amet turpis elementum ligula vehicula consequat morbi a ipsum integer a nibh in quis justo maecenas rhoncus aliquam lacus morbi quis tortor id nulla ultrices aliquet maecenas leo odio condimentum id luctus nec molestie sed justo pellentesque viverra pede ac diam cras pellentesque volutpat dui maecenas tristique est et tempus semper est quam pharetra magna ac consequat metus sapien ut nunc vestibulum ante ipsum primis in faucibus orci luctus et ultrices posuere cubilia curae mauris viverra diam vitae quam suspendisse potenti nullam porttitor lacus at turpis donec posuere metus vitae ipsum aliquam non mauris morbi non lectus aliquam sit amet diam in magna bibendum imperdiet nullam orci pede venenatis', 1);
insert into reviews (id, customer_id, gig_id, content, rating) values (19, 146, 17, 'eros suspendisse accumsan tortor quis turpis sed ante vivamus tortor duis mattis egestas metus aenean fermentum donec ut mauris eget massa tempor convallis nulla neque libero convallis eget eleifend luctus ultricies eu nibh quisque id justo sit amet sapien dignissim vestibulum vestibulum ante ipsum primis in faucibus orci luctus et ultrices posuere cubilia curae nulla dapibus dolor vel est donec odio justo sollicitudin ut suscipit a feugiat et eros vestibulum ac est lacinia nisi venenatis tristique fusce congue diam id ornare imperdiet sapien urna pretium nisl ut volutpat sapien arcu sed augue aliquam erat volutpat in congue etiam justo etiam pretium iaculis justo in hac habitasse platea dictumst etiam faucibus cursus urna ut tellus nulla ut erat', 5);
insert into reviews (id, customer_id, gig_id, content, rating) values (20, 228, 13, 'cubilia curae nulla dapibus dolor vel est donec odio justo sollicitudin ut suscipit a feugiat et eros vestibulum ac est lacinia nisi venenatis tristique fusce congue diam id ornare imperdiet sapien urna pretium nisl ut volutpat sapien arcu sed augue aliquam erat volutpat in congue etiam justo etiam pretium iaculis justo in hac habitasse platea dictumst etiam faucibus cursus urna ut tellus nulla ut erat id mauris vulputate elementum nullam varius nulla facilisi cras non velit nec nisi vulputate nonummy maecenas tincidunt lacus at velit vivamus vel nulla eget eros elementum pellentesque quisque porta volutpat erat quisque erat eros viverra eget congue eget semper rutrum nulla', 8);
insert into reviews (id, customer_id, gig_id, content, rating) values (21, 38, 96, 'et ultrices posuere cubilia curae mauris viverra diam vitae quam suspendisse potenti nullam porttitor lacus at turpis donec posuere metus vitae ipsum aliquam non mauris morbi non lectus aliquam sit amet diam in magna bibendum imperdiet nullam orci pede venenatis non sodales sed tincidunt eu felis fusce posuere felis sed lacus morbi sem mauris laoreet ut rhoncus aliquet pulvinar sed nisl nunc rhoncus dui', 2);
insert into reviews (id, customer_id, gig_id, content, rating) values (22, 243, 72, 'feugiat non pretium quis lectus suspendisse potenti in eleifend quam a odio in hac habitasse platea dictumst maecenas ut massa quis augue luctus tincidunt nulla mollis molestie lorem quisque ut erat curabitur gravida nisi at nibh in hac habitasse platea dictumst aliquam augue quam sollicitudin vitae consectetuer eget rutrum at lorem integer tincidunt ante vel ipsum praesent blandit lacinia erat vestibulum sed magna at nunc commodo placerat praesent blandit nam nulla integer pede justo lacinia eget tincidunt eget tempus vel pede morbi porttitor lorem id ligula suspendisse ornare consequat lectus in est risus auctor sed tristique in tempus sit amet sem fusce consequat nulla nisl nunc nisl duis bibendum felis sed interdum venenatis turpis enim blandit mi in porttitor pede justo eu', 7);
insert into reviews (id, customer_id, gig_id, content, rating) values (23, 77, 7, 'a nibh in quis justo maecenas rhoncus aliquam lacus morbi quis tortor id nulla ultrices aliquet maecenas leo odio condimentum id luctus nec molestie sed justo pellentesque viverra pede ac diam cras pellentesque volutpat dui maecenas tristique est et tempus semper est quam pharetra magna ac consequat metus sapien ut nunc vestibulum ante ipsum primis in faucibus orci luctus et ultrices posuere cubilia curae mauris viverra diam vitae quam suspendisse potenti nullam porttitor lacus at turpis donec posuere metus vitae ipsum aliquam non mauris morbi non lectus aliquam sit amet diam in magna bibendum imperdiet nullam orci pede venenatis non sodales sed tincidunt eu felis fusce posuere felis sed lacus morbi sem mauris laoreet ut rhoncus aliquet pulvinar sed nisl nunc rhoncus dui vel sem sed sagittis nam congue risus semper porta volutpat quam pede lobortis ligula sit amet eleifend pede libero quis orci nullam molestie nibh in lectus pellentesque at nulla suspendisse potenti cras in purus eu magna vulputate luctus cum sociis natoque penatibus et magnis dis parturient montes nascetur ridiculus mus vivamus vestibulum sagittis sapien cum sociis natoque penatibus et magnis dis parturient montes nascetur ridiculus mus', 3);
insert into reviews (id, customer_id, gig_id, content, rating) values (24, 166, 4, 'libero quis orci nullam molestie nibh in lectus pellentesque at nulla suspendisse potenti cras in purus eu magna vulputate luctus cum sociis natoque penatibus et magnis dis parturient montes nascetur ridiculus mus vivamus vestibulum sagittis sapien cum sociis natoque penatibus et magnis dis parturient montes nascetur ridiculus mus etiam vel augue vestibulum rutrum rutrum neque aenean auctor gravida sem praesent id massa id nisl venenatis lacinia aenean sit amet justo morbi ut odio cras mi pede malesuada in imperdiet et commodo vulputate justo in blandit ultrices', 10);
insert into reviews (id, customer_id, gig_id, content, rating) values (25, 170, 19, 'vestibulum ante ipsum primis in faucibus orci luctus et ultrices posuere cubilia curae donec pharetra magna vestibulum aliquet ultrices erat tortor sollicitudin mi sit amet lobortis sapien sapien non mi integer ac neque duis bibendum morbi non quam nec dui luctus rutrum nulla tellus in sagittis dui vel nisl duis ac nibh fusce lacus purus aliquet at feugiat non pretium quis lectus suspendisse potenti in eleifend quam a odio in hac habitasse platea dictumst maecenas ut massa quis augue luctus tincidunt nulla mollis molestie lorem quisque ut erat curabitur gravida nisi at nibh in hac habitasse platea dictumst aliquam augue quam sollicitudin vitae consectetuer eget rutrum at lorem integer tincidunt ante vel ipsum praesent blandit lacinia erat vestibulum sed magna at nunc commodo placerat praesent blandit nam nulla integer pede justo lacinia eget tincidunt eget tempus vel pede morbi porttitor lorem id ligula suspendisse ornare consequat lectus in est risus auctor sed tristique in tempus sit amet sem fusce consequat nulla nisl nunc nisl duis bibendum felis sed interdum venenatis turpis enim blandit mi in', 3);
insert into reviews (id, customer_id, gig_id, content, rating) values (26, 240, 64, 'et magnis dis parturient montes nascetur ridiculus mus vivamus vestibulum sagittis sapien cum sociis natoque penatibus et magnis dis parturient montes nascetur ridiculus mus etiam vel augue vestibulum rutrum rutrum', 6);
insert into reviews (id, customer_id, gig_id, content, rating) values (27, 30, 65, 'hac habitasse platea dictumst maecenas ut massa quis augue luctus tincidunt nulla mollis molestie lorem quisque ut erat curabitur gravida nisi at nibh in hac habitasse platea dictumst aliquam augue quam sollicitudin vitae consectetuer eget rutrum at lorem integer tincidunt ante vel ipsum praesent blandit lacinia erat vestibulum sed magna at nunc commodo placerat praesent blandit nam nulla integer pede justo lacinia eget tincidunt eget tempus vel pede morbi porttitor lorem id ligula suspendisse ornare consequat lectus in est risus auctor sed tristique in tempus sit amet sem fusce consequat nulla nisl nunc nisl duis bibendum felis sed interdum venenatis turpis enim blandit mi in porttitor pede justo eu massa donec dapibus duis at velit eu est congue elementum in hac habitasse platea dictumst morbi vestibulum velit id pretium iaculis diam erat fermentum justo nec condimentum neque sapien placerat ante nulla justo aliquam quis turpis eget elit sodales scelerisque mauris sit amet eros suspendisse accumsan tortor quis turpis sed ante vivamus tortor duis mattis egestas metus aenean fermentum donec ut mauris eget massa tempor convallis nulla', 2);
insert into reviews (id, customer_id, gig_id, content, rating) values (28, 167, 23, 'sapien urna pretium nisl ut volutpat sapien arcu sed augue aliquam erat volutpat in congue etiam justo etiam pretium iaculis justo in hac habitasse platea dictumst etiam faucibus cursus urna ut tellus nulla ut erat id mauris vulputate elementum nullam varius nulla facilisi cras non velit nec nisi vulputate nonummy maecenas tincidunt lacus at velit vivamus vel nulla eget eros elementum pellentesque quisque', 3);
insert into reviews (id, customer_id, gig_id, content, rating) values (29, 181, 59, 'suscipit a feugiat et eros vestibulum ac est lacinia nisi venenatis tristique fusce congue diam id ornare imperdiet sapien urna pretium nisl ut volutpat sapien arcu sed augue aliquam erat volutpat in congue etiam justo etiam pretium iaculis justo in hac habitasse platea dictumst etiam faucibus cursus urna ut tellus nulla ut erat id mauris vulputate elementum nullam varius nulla facilisi cras non velit nec nisi vulputate nonummy maecenas tincidunt lacus at velit vivamus vel nulla eget eros elementum pellentesque quisque porta volutpat erat quisque erat eros viverra eget congue eget semper rutrum nulla nunc purus phasellus in felis donec semper sapien a libero nam dui proin leo odio porttitor id consequat in consequat ut nulla sed accumsan felis ut at dolor quis odio consequat varius integer ac leo pellentesque ultrices mattis odio donec vitae nisi nam ultrices libero non mattis pulvinar nulla pede ullamcorper augue a suscipit nulla elit ac nulla sed vel enim sit amet nunc viverra dapibus nulla suscipit ligula in lacus curabitur', 6);
insert into reviews (id, customer_id, gig_id, content, rating) values (30, 73, 72, 'ornare consequat lectus in est risus auctor sed tristique in tempus sit amet sem fusce consequat nulla nisl nunc nisl duis bibendum felis sed interdum venenatis turpis enim blandit mi in porttitor pede justo eu massa donec dapibus duis at velit eu est congue elementum in hac habitasse platea dictumst morbi vestibulum velit id pretium iaculis diam erat fermentum justo nec condimentum neque sapien placerat ante nulla justo aliquam quis turpis eget elit sodales scelerisque mauris sit amet eros suspendisse accumsan tortor quis turpis sed ante vivamus tortor duis mattis egestas metus aenean fermentum donec ut mauris eget massa tempor convallis nulla neque libero convallis', 7);
insert into reviews (id, customer_id, gig_id, content, rating) values (31, 168, 77, 'vehicula condimentum curabitur in libero ut massa volutpat convallis morbi odio odio elementum eu interdum eu tincidunt in leo maecenas pulvinar lobortis est phasellus sit amet erat nulla tempus vivamus in felis eu sapien cursus vestibulum proin eu mi nulla ac enim in tempor turpis nec euismod scelerisque quam turpis adipiscing lorem vitae mattis nibh ligula nec sem duis aliquam convallis nunc proin at turpis a pede posuere nonummy integer non velit donec diam neque vestibulum eget vulputate ut ultrices vel augue vestibulum ante ipsum primis in faucibus orci luctus et ultrices posuere cubilia curae donec pharetra magna vestibulum aliquet ultrices erat tortor sollicitudin mi sit amet lobortis sapien sapien non mi integer ac neque duis bibendum morbi non quam nec dui luctus rutrum nulla tellus in sagittis dui vel nisl duis ac nibh fusce lacus purus aliquet at feugiat non pretium quis lectus suspendisse potenti in eleifend quam a odio in hac habitasse platea dictumst maecenas ut massa quis augue luctus tincidunt nulla mollis molestie lorem quisque ut erat curabitur gravida nisi at nibh in hac habitasse platea', 8);
insert into reviews (id, customer_id, gig_id, content, rating) values (32, 217, 51, 'dapibus dolor vel est donec odio justo sollicitudin ut suscipit a feugiat et eros vestibulum ac est lacinia nisi venenatis tristique fusce congue diam id ornare', 6);
insert into reviews (id, customer_id, gig_id, content, rating) values (33, 173, 22, 'in tempus sit amet sem fusce consequat nulla nisl nunc nisl duis bibendum felis sed interdum venenatis turpis enim blandit mi in porttitor pede justo eu massa donec dapibus duis at velit eu est congue elementum in hac habitasse platea dictumst morbi vestibulum velit id pretium iaculis diam erat fermentum justo nec condimentum neque sapien placerat ante nulla justo aliquam quis turpis eget elit sodales scelerisque mauris sit amet eros suspendisse accumsan tortor quis turpis sed ante vivamus tortor', 7);
insert into reviews (id, customer_id, gig_id, content, rating) values (34, 148, 14, 'nulla integer pede justo lacinia eget tincidunt eget tempus vel pede morbi porttitor lorem id ligula suspendisse ornare consequat lectus in est risus auctor sed tristique in tempus sit amet sem fusce consequat nulla nisl nunc nisl duis bibendum felis sed interdum venenatis turpis enim blandit mi in porttitor pede justo eu massa donec dapibus duis at velit eu est congue elementum in hac habitasse platea dictumst morbi vestibulum velit id pretium iaculis diam erat fermentum justo nec condimentum neque sapien placerat ante nulla justo aliquam quis turpis eget elit sodales scelerisque mauris sit amet eros suspendisse accumsan tortor quis turpis sed ante vivamus tortor duis mattis egestas metus aenean fermentum donec ut mauris eget massa tempor convallis nulla neque libero convallis eget eleifend luctus ultricies eu nibh quisque id justo sit amet sapien dignissim vestibulum vestibulum ante ipsum primis in faucibus orci luctus et ultrices posuere cubilia curae nulla dapibus dolor vel est donec odio justo sollicitudin ut suscipit a feugiat', 4);
insert into reviews (id, customer_id, gig_id, content, rating) values (35, 134, 62, 'potenti cras in purus eu magna vulputate luctus cum sociis natoque penatibus et magnis dis parturient montes nascetur ridiculus mus vivamus vestibulum sagittis sapien cum sociis natoque penatibus et magnis dis parturient montes nascetur ridiculus mus etiam vel augue vestibulum rutrum rutrum neque aenean auctor gravida sem praesent id massa id nisl venenatis lacinia aenean sit amet justo morbi ut odio cras mi pede malesuada in imperdiet et commodo vulputate justo in blandit ultrices enim lorem ipsum dolor sit amet consectetuer adipiscing elit proin interdum mauris non ligula pellentesque ultrices phasellus id sapien in sapien iaculis congue vivamus metus arcu adipiscing molestie hendrerit at vulputate vitae nisl aenean lectus pellentesque eget nunc donec quis orci eget orci vehicula condimentum', 10);
insert into reviews (id, customer_id, gig_id, content, rating) values (36, 31, 19, 'id sapien in sapien iaculis congue vivamus metus arcu adipiscing molestie hendrerit at vulputate vitae nisl aenean lectus pellentesque eget nunc donec quis orci eget orci vehicula condimentum curabitur in libero ut massa volutpat convallis morbi odio odio elementum eu interdum eu tincidunt in leo maecenas pulvinar lobortis est phasellus sit amet erat nulla tempus vivamus in felis eu sapien cursus vestibulum proin eu mi nulla ac enim in tempor turpis nec euismod scelerisque quam turpis adipiscing lorem vitae mattis nibh ligula nec sem duis aliquam convallis nunc proin at turpis a pede posuere nonummy integer non velit donec diam neque vestibulum eget vulputate ut ultrices vel augue vestibulum ante ipsum primis in faucibus orci luctus et ultrices posuere cubilia curae donec pharetra magna vestibulum aliquet ultrices erat tortor sollicitudin mi sit amet lobortis sapien sapien non mi integer ac neque duis bibendum morbi non quam nec dui luctus rutrum nulla tellus in sagittis dui vel nisl duis ac nibh fusce lacus purus aliquet at feugiat non pretium quis lectus suspendisse potenti in eleifend quam a odio in hac habitasse platea dictumst maecenas', 5);
insert into reviews (id, customer_id, gig_id, content, rating) values (37, 229, 86, 'rhoncus aliquet pulvinar sed nisl nunc rhoncus dui vel sem sed sagittis nam congue risus semper porta volutpat quam pede lobortis ligula sit amet eleifend pede libero quis orci nullam molestie nibh in lectus pellentesque at nulla suspendisse potenti cras in purus eu magna vulputate luctus cum sociis natoque penatibus et magnis dis parturient montes nascetur ridiculus mus vivamus vestibulum sagittis', 1);
insert into reviews (id, customer_id, gig_id, content, rating) values (38, 236, 89, 'eros vestibulum ac est lacinia nisi venenatis tristique fusce congue diam id ornare imperdiet sapien urna pretium nisl ut volutpat sapien arcu sed augue aliquam erat volutpat in congue etiam justo etiam pretium iaculis justo in hac habitasse platea dictumst etiam faucibus cursus urna ut tellus nulla ut erat id mauris vulputate elementum nullam varius', 3);
insert into reviews (id, customer_id, gig_id, content, rating) values (39, 41, 57, 'nullam sit amet turpis elementum ligula vehicula consequat morbi a ipsum integer a nibh in quis justo maecenas rhoncus aliquam lacus morbi quis tortor id nulla ultrices aliquet maecenas leo odio condimentum id luctus nec molestie sed justo pellentesque viverra pede ac diam cras pellentesque volutpat dui maecenas tristique est et tempus semper est quam pharetra magna ac consequat metus sapien ut nunc vestibulum ante ipsum primis in faucibus orci luctus et ultrices posuere cubilia curae mauris viverra diam vitae quam suspendisse potenti nullam porttitor lacus at turpis donec posuere metus vitae ipsum aliquam non mauris morbi non lectus aliquam sit amet diam in magna bibendum imperdiet nullam orci pede venenatis non sodales sed tincidunt eu felis fusce posuere felis sed lacus morbi sem mauris laoreet ut rhoncus aliquet pulvinar sed nisl nunc rhoncus dui vel sem sed sagittis nam congue risus semper porta volutpat quam pede lobortis ligula sit amet eleifend pede libero quis orci nullam molestie nibh in lectus pellentesque at nulla suspendisse potenti cras in purus eu magna', 8);
insert into reviews (id, customer_id, gig_id, content, rating) values (40, 152, 82, 'risus praesent lectus vestibulum quam sapien varius ut blandit non interdum in ante vestibulum ante ipsum primis in faucibus orci luctus et ultrices posuere cubilia curae duis faucibus accumsan odio curabitur convallis duis consequat dui nec nisi volutpat eleifend donec ut dolor morbi vel lectus in quam fringilla rhoncus mauris enim leo rhoncus sed vestibulum sit amet cursus id turpis integer aliquet massa id lobortis convallis tortor risus dapibus augue vel accumsan tellus nisi eu orci mauris lacinia sapien quis libero nullam sit amet turpis elementum ligula vehicula consequat morbi a ipsum integer a nibh in quis justo maecenas rhoncus aliquam lacus morbi quis tortor id nulla ultrices aliquet maecenas leo odio condimentum id luctus nec molestie sed justo pellentesque viverra pede ac diam cras pellentesque volutpat dui maecenas tristique est et tempus semper est quam pharetra magna ac consequat metus sapien ut nunc vestibulum ante ipsum primis in faucibus orci luctus', 3);
insert into reviews (id, customer_id, gig_id, content, rating) values (41, 34, 34, 'quis turpis sed ante vivamus tortor duis mattis egestas metus aenean fermentum donec ut mauris eget massa tempor convallis nulla neque libero convallis eget eleifend luctus ultricies eu nibh quisque id justo sit amet sapien dignissim vestibulum vestibulum ante ipsum primis in faucibus orci luctus et ultrices posuere cubilia curae nulla dapibus dolor vel est donec odio justo sollicitudin ut suscipit a feugiat et eros vestibulum ac est lacinia nisi venenatis tristique fusce congue diam id ornare imperdiet sapien urna pretium nisl ut volutpat sapien arcu sed augue aliquam erat volutpat in congue etiam justo etiam pretium iaculis justo', 4);
insert into reviews (id, customer_id, gig_id, content, rating) values (42, 50, 86, 'elit sodales scelerisque mauris sit amet eros suspendisse accumsan tortor quis turpis sed ante vivamus tortor duis mattis egestas metus aenean fermentum donec ut mauris eget massa tempor convallis nulla neque libero convallis eget eleifend luctus ultricies eu nibh quisque id justo sit amet sapien dignissim vestibulum vestibulum ante ipsum primis in faucibus orci luctus et ultrices posuere cubilia curae nulla dapibus dolor vel est donec odio justo sollicitudin ut suscipit a feugiat et eros vestibulum ac est lacinia nisi venenatis tristique fusce congue diam id ornare imperdiet sapien urna pretium nisl ut volutpat sapien arcu sed augue aliquam erat volutpat in congue etiam justo etiam pretium iaculis justo in hac habitasse platea dictumst etiam faucibus cursus urna ut tellus', 9);
insert into reviews (id, customer_id, gig_id, content, rating) values (43, 225, 90, 'aliquam sit amet diam in magna bibendum imperdiet nullam orci pede venenatis non sodales sed tincidunt eu felis fusce posuere felis sed lacus morbi sem mauris laoreet ut rhoncus aliquet pulvinar sed nisl nunc rhoncus dui vel sem sed sagittis nam congue risus semper porta volutpat quam pede lobortis ligula sit amet eleifend pede libero quis orci nullam molestie nibh in lectus pellentesque at nulla suspendisse potenti cras in purus eu magna vulputate luctus cum sociis natoque penatibus et magnis dis parturient montes nascetur ridiculus mus vivamus vestibulum sagittis sapien cum sociis natoque penatibus et magnis dis parturient montes nascetur ridiculus mus etiam vel augue vestibulum rutrum rutrum neque aenean auctor gravida sem praesent id massa id nisl venenatis lacinia aenean sit amet justo morbi ut odio cras mi pede malesuada in imperdiet et commodo vulputate justo in blandit ultrices enim lorem ipsum dolor sit amet consectetuer adipiscing elit proin interdum mauris non ligula pellentesque ultrices phasellus id sapien in sapien iaculis congue vivamus metus arcu adipiscing molestie hendrerit at vulputate vitae nisl aenean lectus pellentesque eget nunc', 4);
insert into reviews (id, customer_id, gig_id, content, rating) values (44, 230, 44, 'interdum venenatis turpis enim blandit mi in porttitor pede justo eu massa donec dapibus duis at velit eu est congue elementum in hac habitasse platea dictumst morbi vestibulum velit id pretium iaculis diam erat fermentum justo nec condimentum neque sapien placerat ante nulla justo aliquam quis turpis eget elit sodales scelerisque mauris sit amet eros suspendisse accumsan tortor quis turpis sed ante vivamus tortor duis mattis egestas metus aenean fermentum donec ut mauris eget massa tempor convallis nulla neque libero convallis eget eleifend luctus ultricies eu nibh quisque id justo sit amet sapien dignissim vestibulum vestibulum ante ipsum primis in faucibus orci luctus et ultrices posuere cubilia curae nulla dapibus dolor vel est donec odio justo sollicitudin ut suscipit a feugiat et eros vestibulum ac est lacinia nisi venenatis', 5);
insert into reviews (id, customer_id, gig_id, content, rating) values (45, 241, 69, 'vestibulum aliquet ultrices erat tortor sollicitudin mi sit amet lobortis sapien sapien non mi integer ac neque duis bibendum morbi non quam nec dui luctus rutrum nulla tellus in sagittis dui vel nisl duis ac nibh fusce lacus purus aliquet at feugiat non pretium quis lectus suspendisse potenti in eleifend quam a odio in hac habitasse platea dictumst maecenas', 5);
insert into reviews (id, customer_id, gig_id, content, rating) values (46, 97, 11, 'curabitur gravida nisi at nibh in hac habitasse platea dictumst aliquam augue quam sollicitudin vitae consectetuer eget rutrum at lorem integer tincidunt ante vel ipsum praesent blandit lacinia erat vestibulum sed magna at nunc commodo placerat praesent blandit nam nulla integer pede justo lacinia eget tincidunt eget tempus vel pede morbi porttitor lorem id ligula suspendisse ornare consequat lectus in est risus auctor sed tristique in tempus sit amet sem fusce consequat nulla nisl nunc nisl duis bibendum felis sed interdum venenatis turpis enim blandit mi in porttitor pede justo eu massa donec dapibus duis at velit eu est congue', 7);
insert into reviews (id, customer_id, gig_id, content, rating) values (47, 96, 87, 'vel ipsum praesent blandit lacinia erat vestibulum sed magna at nunc commodo placerat praesent blandit nam nulla integer pede justo lacinia eget tincidunt eget tempus vel pede', 1);
insert into reviews (id, customer_id, gig_id, content, rating) values (48, 211, 69, 'sapien non mi integer ac neque duis bibendum morbi non quam nec dui luctus rutrum nulla tellus in sagittis dui vel nisl duis ac nibh fusce lacus purus aliquet at feugiat non pretium quis lectus suspendisse potenti in eleifend quam a odio in hac habitasse platea dictumst maecenas ut massa quis augue luctus tincidunt nulla mollis molestie lorem quisque ut erat curabitur gravida nisi at nibh in hac habitasse platea dictumst aliquam augue quam sollicitudin vitae consectetuer eget rutrum at lorem integer', 3);
insert into reviews (id, customer_id, gig_id, content, rating) values (49, 35, 8, 'fusce lacus purus aliquet at feugiat non pretium quis lectus suspendisse potenti in eleifend quam a odio in hac habitasse platea dictumst maecenas ut massa quis augue luctus tincidunt nulla mollis molestie lorem quisque ut erat curabitur', 3);
insert into reviews (id, customer_id, gig_id, content, rating) values (50, 165, 96, 'mauris laoreet ut rhoncus aliquet pulvinar sed nisl nunc rhoncus dui vel sem sed sagittis nam congue risus semper porta volutpat quam pede lobortis ligula sit amet eleifend pede libero quis orci nullam molestie nibh in lectus pellentesque at nulla suspendisse potenti cras in purus eu magna vulputate luctus cum sociis natoque penatibus et magnis dis parturient montes nascetur ridiculus mus vivamus vestibulum sagittis sapien cum sociis natoque penatibus et magnis dis parturient montes nascetur ridiculus mus etiam vel augue vestibulum rutrum rutrum neque aenean auctor gravida sem praesent id', 7);
insert into reviews (id, customer_id, gig_id, content, rating) values (51, 155, 43, 'sit amet nunc viverra dapibus nulla suscipit ligula in lacus curabitur at ipsum ac tellus semper interdum mauris ullamcorper purus sit amet nulla quisque arcu libero rutrum ac lobortis vel dapibus', 2);
insert into reviews (id, customer_id, gig_id, content, rating) values (52, 50, 4, 'commodo placerat praesent blandit nam nulla integer pede justo lacinia eget tincidunt eget tempus vel pede morbi porttitor lorem id ligula suspendisse ornare consequat lectus in est risus auctor sed tristique in tempus sit amet sem fusce consequat nulla nisl nunc nisl duis bibendum felis sed interdum venenatis turpis enim blandit mi in porttitor pede justo eu massa donec dapibus duis at velit eu est congue elementum in', 5);
insert into reviews (id, customer_id, gig_id, content, rating) values (53, 48, 2, 'nunc rhoncus dui vel sem sed sagittis nam congue risus semper porta volutpat quam pede lobortis ligula sit amet eleifend pede libero quis orci nullam molestie nibh in lectus pellentesque at nulla suspendisse potenti cras in', 2);
insert into reviews (id, customer_id, gig_id, content, rating) values (54, 54, 58, 'faucibus orci luctus et ultrices posuere cubilia curae donec pharetra magna vestibulum aliquet ultrices erat tortor sollicitudin mi sit amet lobortis sapien sapien non mi integer ac neque duis bibendum morbi non quam nec dui luctus rutrum nulla tellus in sagittis dui vel nisl duis ac nibh fusce lacus purus aliquet at feugiat non pretium quis lectus suspendisse potenti in eleifend quam a odio in hac habitasse platea dictumst maecenas ut massa quis augue luctus tincidunt nulla mollis molestie lorem quisque ut erat curabitur gravida nisi at nibh in hac habitasse platea dictumst aliquam augue quam sollicitudin vitae consectetuer eget rutrum at lorem integer tincidunt ante vel ipsum praesent blandit lacinia erat vestibulum sed magna at nunc commodo placerat praesent blandit nam nulla integer pede justo lacinia eget tincidunt eget tempus vel pede morbi porttitor', 6);
insert into reviews (id, customer_id, gig_id, content, rating) values (55, 109, 17, 'lectus vestibulum quam sapien varius ut blandit non interdum in ante vestibulum ante ipsum primis in faucibus orci luctus et ultrices posuere cubilia curae duis faucibus accumsan odio curabitur convallis duis consequat dui nec nisi volutpat eleifend donec ut dolor morbi vel lectus in quam fringilla rhoncus mauris enim leo rhoncus sed vestibulum sit amet cursus id turpis integer aliquet massa id lobortis convallis tortor risus dapibus augue vel accumsan tellus nisi eu orci mauris lacinia sapien quis libero nullam sit amet turpis elementum ligula vehicula consequat morbi', 2);
insert into reviews (id, customer_id, gig_id, content, rating) values (56, 206, 57, 'elementum in hac habitasse platea dictumst morbi vestibulum velit id pretium iaculis diam erat fermentum justo nec condimentum neque sapien placerat ante nulla justo aliquam quis turpis eget elit sodales scelerisque mauris sit amet eros suspendisse accumsan tortor quis turpis sed ante vivamus tortor duis mattis egestas metus aenean fermentum donec', 9);
insert into reviews (id, customer_id, gig_id, content, rating) values (57, 239, 39, 'ut ultrices vel augue vestibulum ante ipsum primis in faucibus orci luctus et ultrices posuere cubilia curae donec pharetra magna vestibulum aliquet ultrices erat tortor sollicitudin mi sit amet lobortis sapien sapien non mi integer ac neque duis bibendum morbi non quam nec dui luctus rutrum nulla tellus in sagittis dui vel nisl duis ac nibh fusce lacus purus aliquet at feugiat non pretium quis lectus suspendisse potenti in eleifend quam a odio in hac habitasse platea dictumst maecenas ut massa quis augue luctus tincidunt nulla mollis molestie lorem quisque ut erat curabitur gravida nisi at nibh in hac habitasse platea dictumst aliquam augue quam sollicitudin vitae consectetuer eget rutrum at lorem integer tincidunt ante vel ipsum praesent blandit lacinia erat vestibulum sed magna at nunc commodo placerat', 9);
insert into reviews (id, customer_id, gig_id, content, rating) values (58, 67, 24, 'mi pede malesuada in imperdiet et commodo vulputate justo in blandit ultrices enim lorem ipsum dolor sit amet consectetuer adipiscing elit proin interdum mauris non ligula pellentesque ultrices phasellus id sapien in sapien iaculis congue vivamus metus arcu adipiscing molestie hendrerit at vulputate vitae nisl aenean lectus pellentesque eget nunc donec quis orci eget orci vehicula condimentum curabitur in libero ut massa volutpat convallis morbi odio odio elementum eu interdum eu tincidunt in leo maecenas pulvinar lobortis est phasellus sit amet erat nulla tempus vivamus in felis eu sapien cursus vestibulum proin eu mi nulla ac enim in tempor turpis nec euismod scelerisque quam turpis adipiscing lorem vitae mattis nibh ligula nec sem duis aliquam convallis', 9);
insert into reviews (id, customer_id, gig_id, content, rating) values (59, 48, 22, 'at vulputate vitae nisl aenean lectus pellentesque eget nunc donec quis orci eget orci vehicula condimentum curabitur in libero ut massa volutpat convallis morbi odio odio elementum eu interdum eu tincidunt in leo maecenas pulvinar lobortis est phasellus sit amet erat nulla tempus vivamus in felis eu sapien cursus vestibulum proin eu mi nulla ac enim in tempor turpis nec euismod scelerisque quam turpis adipiscing lorem vitae mattis nibh ligula nec sem duis aliquam convallis nunc proin at turpis a pede posuere nonummy integer non velit donec diam neque vestibulum eget vulputate ut ultrices vel augue vestibulum ante ipsum primis in faucibus orci luctus et ultrices posuere cubilia curae donec pharetra magna vestibulum aliquet ultrices erat tortor sollicitudin mi sit amet lobortis sapien sapien non mi integer ac neque duis bibendum morbi non quam nec dui luctus rutrum nulla tellus in sagittis dui vel nisl duis ac nibh fusce lacus', 6);
insert into reviews (id, customer_id, gig_id, content, rating) values (60, 92, 78, 'quisque id justo sit amet sapien dignissim vestibulum vestibulum ante ipsum primis in faucibus orci luctus et ultrices posuere cubilia curae nulla dapibus dolor vel est donec odio', 8);
insert into reviews (id, customer_id, gig_id, content, rating) values (61, 164, 19, 'morbi sem mauris laoreet ut rhoncus aliquet pulvinar sed nisl nunc rhoncus dui vel sem sed sagittis nam congue risus semper porta volutpat quam pede lobortis ligula sit amet eleifend pede libero quis orci nullam molestie nibh in lectus pellentesque at nulla suspendisse potenti cras in purus eu magna vulputate luctus cum sociis natoque penatibus et magnis dis parturient montes nascetur ridiculus mus vivamus vestibulum sagittis sapien cum sociis natoque penatibus et magnis dis parturient montes nascetur ridiculus mus etiam vel augue vestibulum rutrum rutrum neque aenean auctor gravida sem praesent id massa id nisl venenatis lacinia aenean sit amet justo morbi ut odio cras mi pede malesuada in imperdiet et commodo vulputate justo in blandit ultrices enim', 8);
insert into reviews (id, customer_id, gig_id, content, rating) values (62, 6, 15, 'lacinia sapien quis libero nullam sit amet turpis elementum ligula vehicula consequat morbi a ipsum integer a nibh in quis justo maecenas rhoncus aliquam lacus morbi quis tortor id nulla ultrices aliquet maecenas leo odio condimentum id luctus nec molestie sed justo pellentesque viverra pede ac diam cras pellentesque volutpat dui maecenas tristique est et tempus semper est quam pharetra magna ac consequat metus sapien ut nunc vestibulum ante ipsum primis in faucibus orci luctus et ultrices posuere cubilia curae mauris viverra diam vitae quam suspendisse potenti nullam porttitor lacus at turpis donec posuere metus vitae ipsum aliquam non mauris morbi non lectus aliquam sit amet diam in magna bibendum imperdiet nullam orci pede venenatis non sodales sed tincidunt eu felis fusce posuere felis sed lacus morbi sem mauris laoreet ut rhoncus aliquet pulvinar sed nisl nunc rhoncus dui vel sem sed sagittis nam', 2);
insert into reviews (id, customer_id, gig_id, content, rating) values (63, 217, 18, 'massa id lobortis convallis tortor risus dapibus augue vel accumsan tellus nisi eu orci mauris lacinia sapien quis libero nullam sit amet turpis elementum ligula vehicula consequat morbi a ipsum integer a nibh in quis justo maecenas rhoncus aliquam lacus morbi quis tortor id nulla ultrices aliquet maecenas leo odio condimentum id luctus nec molestie sed justo pellentesque viverra pede ac diam cras pellentesque volutpat dui maecenas tristique est et tempus semper est quam pharetra magna ac consequat metus sapien ut nunc vestibulum ante ipsum primis in faucibus orci luctus et ultrices posuere cubilia curae mauris viverra diam vitae quam suspendisse potenti nullam porttitor lacus at turpis donec posuere metus vitae ipsum aliquam non mauris morbi non lectus aliquam sit amet diam in magna bibendum imperdiet nullam orci pede venenatis non sodales sed tincidunt eu felis fusce posuere felis sed lacus morbi sem mauris laoreet ut rhoncus aliquet pulvinar sed nisl nunc rhoncus dui vel sem sed sagittis nam congue risus semper porta volutpat quam pede lobortis ligula sit amet eleifend pede libero quis orci nullam molestie', 5);
insert into reviews (id, customer_id, gig_id, content, rating) values (64, 74, 9, 'nunc viverra dapibus nulla suscipit ligula in lacus curabitur at ipsum ac tellus semper interdum mauris ullamcorper purus', 6);
insert into reviews (id, customer_id, gig_id, content, rating) values (65, 183, 50, 'nisl duis bibendum felis sed interdum venenatis turpis enim blandit mi in porttitor pede justo eu massa donec dapibus duis at velit eu est congue elementum in hac habitasse platea dictumst morbi vestibulum velit id pretium iaculis diam erat fermentum justo nec condimentum neque sapien placerat ante nulla justo aliquam quis turpis eget elit sodales scelerisque mauris sit amet eros suspendisse accumsan tortor quis turpis sed ante vivamus tortor duis mattis egestas metus aenean fermentum donec ut mauris eget massa tempor convallis nulla neque libero convallis eget eleifend luctus ultricies eu nibh quisque id justo sit amet sapien dignissim vestibulum vestibulum ante ipsum primis in faucibus orci luctus et ultrices posuere cubilia curae nulla dapibus dolor vel est donec odio justo sollicitudin ut suscipit a feugiat et eros vestibulum ac est lacinia nisi venenatis tristique fusce congue diam id ornare imperdiet sapien urna pretium nisl ut volutpat sapien arcu sed augue aliquam erat volutpat in congue etiam justo etiam pretium iaculis justo in hac habitasse platea dictumst etiam faucibus cursus urna ut tellus nulla ut erat id mauris vulputate', 4);
insert into reviews (id, customer_id, gig_id, content, rating) values (66, 12, 28, 'vulputate ut ultrices vel augue vestibulum ante ipsum primis in faucibus orci luctus et ultrices posuere cubilia curae donec pharetra magna vestibulum aliquet ultrices erat tortor sollicitudin mi sit amet lobortis sapien sapien non mi integer ac neque duis bibendum morbi non quam nec dui luctus rutrum nulla tellus in sagittis dui vel nisl duis ac nibh fusce lacus purus aliquet at feugiat non pretium quis lectus suspendisse potenti in eleifend quam a odio in hac habitasse platea dictumst maecenas ut massa quis augue luctus tincidunt nulla mollis molestie lorem quisque ut erat curabitur gravida nisi at nibh in hac habitasse platea dictumst aliquam augue quam sollicitudin vitae', 8);
insert into reviews (id, customer_id, gig_id, content, rating) values (67, 152, 24, 'faucibus orci luctus et ultrices posuere cubilia curae mauris viverra diam vitae quam suspendisse potenti nullam porttitor lacus at turpis donec posuere metus vitae ipsum aliquam non mauris morbi non lectus aliquam sit amet diam in magna bibendum imperdiet nullam orci pede venenatis non sodales sed tincidunt eu felis fusce posuere felis sed lacus morbi sem mauris laoreet ut rhoncus aliquet pulvinar sed nisl nunc rhoncus dui vel sem sed sagittis nam congue risus semper porta volutpat quam pede lobortis ligula sit amet eleifend pede libero quis orci nullam molestie nibh in lectus pellentesque at nulla suspendisse potenti cras in purus eu magna vulputate luctus cum sociis natoque penatibus et magnis dis parturient montes nascetur ridiculus mus vivamus vestibulum sagittis sapien cum sociis natoque penatibus et magnis dis parturient montes nascetur ridiculus mus etiam vel augue vestibulum rutrum rutrum neque aenean auctor gravida sem praesent id massa id nisl venenatis lacinia aenean sit amet justo morbi ut odio cras mi pede malesuada in imperdiet et commodo vulputate justo in blandit ultrices enim lorem ipsum dolor sit amet consectetuer adipiscing elit proin interdum mauris non ligula pellentesque ultrices phasellus id sapien', 8);
insert into reviews (id, customer_id, gig_id, content, rating) values (68, 130, 6, 'porta volutpat quam pede lobortis ligula sit amet eleifend pede libero quis orci', 4);
insert into reviews (id, customer_id, gig_id, content, rating) values (69, 125, 15, 'justo sollicitudin ut suscipit a feugiat et eros vestibulum ac est lacinia nisi venenatis tristique fusce congue diam id ornare imperdiet sapien urna pretium nisl ut volutpat sapien arcu sed augue aliquam erat volutpat in congue etiam justo etiam pretium iaculis justo in hac habitasse platea dictumst etiam faucibus cursus urna ut tellus nulla ut erat id mauris vulputate elementum nullam varius nulla facilisi cras non velit nec nisi vulputate nonummy maecenas tincidunt lacus at velit vivamus vel nulla eget eros elementum pellentesque quisque porta volutpat erat quisque erat eros viverra eget congue eget semper rutrum nulla nunc purus phasellus in felis donec semper sapien a libero nam dui proin leo odio porttitor id consequat in consequat ut nulla sed accumsan felis ut at dolor quis odio consequat varius integer ac leo pellentesque ultrices mattis odio donec vitae nisi nam ultrices libero non mattis pulvinar nulla pede ullamcorper augue a suscipit nulla elit ac nulla sed vel enim sit amet nunc viverra dapibus nulla suscipit ligula in lacus curabitur at ipsum ac tellus semper interdum', 1);
insert into reviews (id, customer_id, gig_id, content, rating) values (70, 184, 80, 'imperdiet nullam orci pede venenatis non sodales sed tincidunt eu felis fusce posuere felis sed lacus morbi sem mauris laoreet ut rhoncus aliquet pulvinar sed nisl nunc rhoncus dui vel sem sed sagittis nam congue risus semper porta volutpat quam pede lobortis ligula sit amet eleifend pede libero quis orci nullam molestie nibh in lectus pellentesque at nulla suspendisse potenti cras in purus eu magna vulputate luctus cum sociis natoque penatibus et magnis dis parturient montes nascetur ridiculus mus vivamus vestibulum sagittis sapien cum sociis natoque penatibus et magnis dis parturient montes nascetur ridiculus mus etiam vel augue vestibulum rutrum rutrum neque aenean auctor gravida sem praesent id massa id nisl venenatis lacinia aenean sit amet justo morbi ut odio cras mi pede malesuada in imperdiet', 8);
insert into reviews (id, customer_id, gig_id, content, rating) values (71, 210, 6, 'tortor duis mattis egestas metus aenean fermentum donec ut mauris eget massa tempor convallis nulla neque libero convallis eget eleifend luctus ultricies eu nibh quisque id justo sit amet sapien dignissim vestibulum', 3);
insert into reviews (id, customer_id, gig_id, content, rating) values (72, 6, 51, 'neque sapien placerat ante nulla justo aliquam quis turpis eget elit sodales scelerisque mauris sit amet eros suspendisse accumsan tortor quis turpis sed ante vivamus tortor duis mattis egestas metus aenean fermentum donec ut mauris eget massa tempor convallis nulla neque libero convallis eget eleifend luctus ultricies eu nibh quisque id justo sit amet sapien dignissim vestibulum vestibulum ante', 9);
insert into reviews (id, customer_id, gig_id, content, rating) values (73, 8, 55, 'gravida sem praesent id massa id nisl venenatis lacinia aenean sit amet justo morbi ut odio cras mi pede malesuada in imperdiet et commodo vulputate justo in blandit ultrices enim lorem ipsum dolor sit amet consectetuer adipiscing elit proin interdum mauris non ligula pellentesque ultrices phasellus id sapien in sapien iaculis congue vivamus metus arcu adipiscing molestie hendrerit at vulputate vitae nisl aenean lectus pellentesque eget nunc donec quis orci eget orci vehicula condimentum curabitur in libero ut massa volutpat convallis', 10);
insert into reviews (id, customer_id, gig_id, content, rating) values (74, 122, 40, 'etiam pretium iaculis justo in hac habitasse platea dictumst etiam faucibus cursus urna ut tellus nulla ut erat id mauris vulputate elementum nullam varius nulla facilisi cras non velit nec nisi vulputate nonummy maecenas tincidunt lacus at', 8);
insert into reviews (id, customer_id, gig_id, content, rating) values (75, 237, 22, 'donec pharetra magna vestibulum aliquet ultrices erat tortor sollicitudin mi sit amet lobortis sapien sapien non mi integer ac neque duis bibendum morbi non quam nec dui luctus rutrum nulla tellus in sagittis dui vel nisl duis ac nibh fusce lacus purus aliquet at feugiat non pretium quis lectus suspendisse potenti in eleifend quam a odio in hac habitasse platea dictumst maecenas ut massa quis augue luctus tincidunt nulla mollis molestie lorem quisque ut erat curabitur gravida nisi at nibh in', 8);
insert into reviews (id, customer_id, gig_id, content, rating) values (76, 194, 1, 'maecenas tincidunt lacus at velit vivamus vel nulla eget eros elementum pellentesque quisque porta volutpat erat quisque erat eros viverra eget congue eget semper rutrum nulla nunc purus phasellus in felis donec semper sapien a libero nam dui proin leo odio porttitor id consequat in consequat ut nulla sed accumsan felis ut', 4);
insert into reviews (id, customer_id, gig_id, content, rating) values (77, 35, 57, 'habitasse platea dictumst maecenas ut massa quis augue luctus tincidunt nulla mollis molestie lorem quisque ut erat curabitur gravida nisi at nibh in hac habitasse platea dictumst aliquam augue quam sollicitudin vitae consectetuer eget rutrum at lorem integer tincidunt ante vel ipsum praesent blandit lacinia erat vestibulum sed magna at nunc commodo placerat praesent blandit nam nulla integer pede justo', 7);
insert into reviews (id, customer_id, gig_id, content, rating) values (78, 161, 87, 'ipsum primis in faucibus orci luctus et ultrices posuere cubilia curae duis faucibus accumsan odio curabitur convallis duis consequat dui nec nisi volutpat eleifend donec ut dolor morbi vel lectus in quam fringilla rhoncus mauris enim leo rhoncus sed vestibulum sit amet cursus id turpis integer aliquet massa id lobortis convallis tortor risus dapibus augue vel accumsan tellus nisi eu orci mauris lacinia sapien quis libero nullam sit amet turpis elementum ligula vehicula consequat morbi a ipsum integer a nibh in quis justo maecenas rhoncus aliquam lacus morbi quis tortor id', 1);
insert into reviews (id, customer_id, gig_id, content, rating) values (79, 174, 3, 'nonummy maecenas tincidunt lacus at velit vivamus vel nulla eget eros elementum pellentesque quisque porta volutpat erat quisque erat eros viverra eget congue eget semper rutrum nulla nunc purus phasellus in felis donec semper sapien a libero nam dui proin leo odio porttitor id consequat in consequat ut nulla sed accumsan felis ut at dolor quis odio consequat varius integer ac leo pellentesque ultrices mattis odio donec vitae nisi nam ultrices libero non mattis pulvinar nulla pede ullamcorper augue', 6);
insert into reviews (id, customer_id, gig_id, content, rating) values (80, 37, 59, 'odio justo sollicitudin ut suscipit a feugiat et eros vestibulum ac est lacinia nisi venenatis tristique fusce congue diam id ornare imperdiet sapien urna pretium nisl ut volutpat sapien arcu sed augue aliquam erat volutpat in congue etiam justo etiam pretium iaculis justo in hac habitasse platea dictumst etiam faucibus cursus urna ut tellus nulla ut erat id mauris vulputate elementum nullam varius nulla facilisi cras non velit nec nisi vulputate nonummy maecenas tincidunt lacus at velit vivamus vel nulla eget eros elementum pellentesque quisque porta volutpat erat quisque erat eros viverra eget congue eget semper rutrum nulla nunc purus phasellus in felis donec semper sapien a libero nam dui proin leo odio porttitor id consequat in consequat ut nulla sed accumsan felis ut at dolor quis odio consequat varius integer ac leo pellentesque ultrices mattis odio donec vitae nisi nam ultrices libero non mattis pulvinar nulla pede ullamcorper augue a suscipit nulla elit ac nulla sed vel enim sit amet nunc viverra dapibus nulla suscipit ligula in lacus curabitur', 3);
insert into reviews (id, customer_id, gig_id, content, rating) values (81, 157, 92, 'platea dictumst morbi vestibulum velit id pretium iaculis diam erat fermentum justo nec condimentum neque', 2);
insert into reviews (id, customer_id, gig_id, content, rating) values (82, 22, 16, 'justo in blandit ultrices enim lorem ipsum dolor sit amet consectetuer adipiscing elit proin interdum mauris non ligula pellentesque ultrices phasellus id sapien in sapien iaculis congue vivamus metus arcu adipiscing molestie hendrerit at vulputate vitae nisl aenean lectus pellentesque eget nunc donec quis orci eget orci vehicula condimentum curabitur in libero ut massa volutpat convallis morbi odio odio elementum eu interdum eu tincidunt in leo maecenas pulvinar lobortis est phasellus sit amet erat nulla tempus vivamus in felis eu sapien cursus vestibulum proin eu mi nulla ac enim in tempor turpis nec euismod scelerisque quam turpis adipiscing lorem vitae mattis nibh ligula nec sem', 10);
insert into reviews (id, customer_id, gig_id, content, rating) values (83, 102, 18, 'eleifend quam a odio in hac habitasse platea dictumst maecenas ut massa quis augue luctus tincidunt nulla mollis molestie lorem quisque ut erat curabitur gravida nisi at nibh in hac habitasse platea dictumst aliquam augue quam sollicitudin vitae consectetuer eget rutrum at lorem integer tincidunt ante vel ipsum praesent blandit lacinia erat vestibulum sed magna at nunc commodo placerat praesent blandit nam nulla integer pede justo lacinia eget tincidunt eget tempus vel pede morbi porttitor lorem id ligula suspendisse ornare consequat', 10);
insert into reviews (id, customer_id, gig_id, content, rating) values (84, 16, 98, 'nullam orci pede venenatis non sodales sed tincidunt eu felis fusce posuere felis sed lacus morbi sem mauris laoreet ut rhoncus aliquet pulvinar sed nisl nunc rhoncus dui vel sem sed', 6);
insert into reviews (id, customer_id, gig_id, content, rating) values (85, 229, 9, 'etiam justo etiam pretium iaculis justo in hac habitasse platea dictumst etiam faucibus cursus urna ut tellus nulla ut erat id mauris vulputate elementum nullam varius nulla facilisi cras non velit nec nisi vulputate nonummy maecenas tincidunt lacus at velit vivamus vel nulla eget eros elementum pellentesque quisque porta volutpat erat quisque erat eros viverra eget congue eget semper rutrum nulla nunc purus phasellus in felis donec semper sapien a libero nam dui proin leo odio porttitor id consequat in consequat ut nulla sed accumsan felis ut at dolor quis odio consequat varius integer ac leo pellentesque ultrices mattis odio donec vitae nisi nam ultrices libero non mattis pulvinar nulla pede ullamcorper augue a suscipit nulla elit ac nulla sed vel enim sit amet nunc viverra dapibus nulla suscipit ligula in lacus curabitur at ipsum ac tellus semper interdum mauris ullamcorper purus sit amet nulla quisque arcu', 1);
insert into reviews (id, customer_id, gig_id, content, rating) values (86, 227, 33, 'eu interdum eu tincidunt in leo maecenas pulvinar lobortis est phasellus sit amet erat nulla tempus vivamus in felis eu sapien cursus vestibulum proin eu mi nulla ac enim in tempor turpis nec euismod scelerisque quam turpis adipiscing lorem vitae mattis nibh ligula nec sem duis aliquam convallis nunc proin at turpis a pede posuere nonummy integer non velit donec diam neque vestibulum eget vulputate ut ultrices vel augue vestibulum ante ipsum primis in faucibus orci luctus et ultrices posuere', 5);
insert into reviews (id, customer_id, gig_id, content, rating) values (87, 242, 57, 'imperdiet et commodo vulputate justo in blandit ultrices enim lorem ipsum dolor sit amet consectetuer adipiscing elit proin interdum', 4);
insert into reviews (id, customer_id, gig_id, content, rating) values (88, 217, 48, 'semper sapien a libero nam dui proin leo odio porttitor id consequat in consequat ut nulla sed accumsan felis ut at dolor quis odio consequat varius integer ac leo pellentesque ultrices mattis odio donec vitae nisi nam ultrices libero non mattis pulvinar nulla pede ullamcorper augue a suscipit nulla elit ac nulla sed vel enim sit amet nunc viverra dapibus nulla suscipit ligula in lacus curabitur at ipsum ac tellus semper interdum mauris ullamcorper purus sit amet nulla quisque arcu libero rutrum ac lobortis vel dapibus at', 9);
insert into reviews (id, customer_id, gig_id, content, rating) values (89, 216, 39, 'sem praesent id massa id nisl venenatis lacinia aenean sit amet justo morbi ut odio cras mi pede malesuada in imperdiet et commodo vulputate justo in blandit ultrices enim lorem ipsum dolor sit amet consectetuer adipiscing elit', 3);
insert into reviews (id, customer_id, gig_id, content, rating) values (90, 148, 83, 'est risus auctor sed tristique in tempus sit amet sem fusce consequat nulla nisl nunc nisl duis bibendum felis sed interdum venenatis turpis enim blandit mi in porttitor pede justo eu massa donec dapibus duis at velit eu est congue elementum in hac habitasse', 1);
insert into reviews (id, customer_id, gig_id, content, rating) values (91, 68, 97, 'orci luctus et ultrices posuere cubilia curae mauris viverra diam vitae quam suspendisse potenti nullam porttitor lacus at turpis donec posuere metus vitae ipsum aliquam non mauris morbi non lectus aliquam sit amet diam in magna bibendum imperdiet nullam orci pede venenatis non sodales sed tincidunt eu felis fusce', 4);
insert into reviews (id, customer_id, gig_id, content, rating) values (92, 58, 92, 'primis in faucibus orci luctus et ultrices posuere cubilia curae mauris viverra diam vitae quam suspendisse potenti nullam porttitor lacus at turpis donec posuere metus vitae ipsum aliquam non mauris morbi non lectus aliquam sit amet diam in magna bibendum imperdiet nullam orci pede venenatis non sodales sed tincidunt eu felis fusce posuere felis sed lacus morbi sem mauris laoreet ut rhoncus aliquet pulvinar sed nisl nunc rhoncus dui vel sem sed sagittis nam congue risus semper porta volutpat quam pede lobortis ligula sit amet eleifend pede libero quis orci nullam molestie nibh in lectus pellentesque at nulla suspendisse potenti cras in purus eu magna vulputate luctus cum sociis natoque penatibus et magnis dis parturient montes nascetur ridiculus mus vivamus vestibulum sagittis sapien cum sociis natoque penatibus et magnis dis parturient montes nascetur ridiculus mus etiam vel augue vestibulum rutrum rutrum neque aenean auctor gravida sem praesent id massa id nisl venenatis lacinia aenean sit amet justo morbi ut odio cras mi pede malesuada in imperdiet et', 3);
insert into reviews (id, customer_id, gig_id, content, rating) values (93, 189, 89, 'nonummy integer non velit donec diam neque vestibulum eget vulputate ut ultrices vel augue vestibulum ante ipsum primis in faucibus orci luctus et ultrices posuere cubilia curae donec pharetra magna vestibulum aliquet ultrices erat tortor sollicitudin mi sit amet lobortis sapien sapien non mi integer ac neque duis bibendum morbi non quam nec dui luctus rutrum nulla tellus in sagittis dui vel nisl duis ac nibh fusce lacus purus aliquet at feugiat non pretium quis lectus suspendisse potenti in eleifend quam a odio in hac habitasse platea dictumst maecenas ut massa quis augue luctus tincidunt nulla mollis molestie lorem quisque ut erat curabitur gravida nisi at nibh in hac habitasse platea dictumst aliquam augue quam sollicitudin vitae consectetuer eget rutrum at lorem integer tincidunt ante vel ipsum praesent blandit lacinia erat vestibulum sed magna at nunc commodo placerat praesent blandit nam nulla integer pede justo lacinia eget tincidunt eget tempus vel pede morbi porttitor lorem id ligula suspendisse ornare consequat lectus in est risus auctor', 5);
insert into reviews (id, customer_id, gig_id, content, rating) values (94, 112, 31, 'consequat in consequat ut nulla sed accumsan felis ut at dolor quis odio consequat varius integer ac leo pellentesque ultrices mattis odio donec vitae nisi nam ultrices libero non mattis pulvinar nulla pede ullamcorper augue a suscipit nulla elit ac nulla sed vel enim sit amet nunc viverra dapibus nulla suscipit ligula in lacus curabitur at ipsum ac tellus semper interdum mauris ullamcorper purus sit amet nulla quisque', 1);
insert into reviews (id, customer_id, gig_id, content, rating) values (95, 152, 50, 'magna vulputate luctus cum sociis natoque penatibus et magnis dis parturient montes nascetur ridiculus mus vivamus vestibulum sagittis sapien cum sociis natoque penatibus et magnis dis parturient montes nascetur ridiculus mus etiam vel augue vestibulum rutrum rutrum neque aenean auctor gravida sem praesent id massa id nisl venenatis lacinia aenean sit amet justo morbi ut odio cras mi pede malesuada in imperdiet et commodo vulputate justo in blandit ultrices enim lorem ipsum dolor sit amet consectetuer adipiscing elit proin interdum mauris non ligula pellentesque ultrices phasellus id sapien in sapien iaculis congue vivamus metus arcu adipiscing molestie hendrerit at vulputate vitae nisl aenean lectus pellentesque eget nunc donec quis orci eget orci vehicula condimentum curabitur in libero ut massa volutpat convallis morbi odio odio elementum eu interdum eu tincidunt in leo maecenas pulvinar lobortis est phasellus sit amet erat nulla tempus vivamus in felis eu sapien cursus vestibulum proin', 4);
insert into reviews (id, customer_id, gig_id, content, rating) values (96, 206, 62, 'eu orci mauris lacinia sapien quis libero nullam sit amet turpis elementum ligula vehicula consequat morbi a ipsum integer a nibh in quis justo maecenas rhoncus aliquam lacus morbi quis tortor id nulla ultrices aliquet maecenas leo odio condimentum id luctus nec molestie sed justo pellentesque viverra pede ac diam cras pellentesque volutpat dui maecenas tristique est et tempus semper est quam pharetra magna ac consequat metus sapien ut nunc vestibulum ante ipsum primis in faucibus orci luctus et ultrices posuere cubilia curae mauris viverra diam vitae quam suspendisse potenti nullam porttitor lacus at turpis donec posuere metus vitae ipsum aliquam', 4);
insert into reviews (id, customer_id, gig_id, content, rating) values (97, 156, 10, 'luctus et ultrices posuere cubilia curae donec pharetra magna vestibulum aliquet ultrices erat tortor sollicitudin mi sit amet lobortis sapien sapien non mi integer ac neque duis bibendum morbi non quam nec dui luctus rutrum nulla tellus in sagittis dui vel nisl duis ac nibh fusce lacus purus aliquet at feugiat non pretium quis lectus suspendisse potenti in eleifend quam a odio in hac habitasse platea dictumst maecenas ut massa quis augue luctus tincidunt nulla mollis molestie lorem quisque ut erat curabitur gravida nisi at nibh in hac habitasse platea dictumst aliquam augue quam sollicitudin vitae consectetuer eget rutrum at lorem integer tincidunt ante vel ipsum praesent blandit lacinia erat vestibulum sed magna at nunc commodo placerat praesent blandit nam nulla integer pede justo lacinia eget tincidunt eget tempus vel pede morbi porttitor lorem id ligula suspendisse ornare consequat lectus in est risus auctor sed tristique in tempus sit amet sem fusce consequat nulla nisl nunc nisl duis bibendum felis sed interdum venenatis turpis enim blandit mi in porttitor pede justo eu massa donec dapibus duis at velit eu est congue elementum in hac habitasse platea', 10);
insert into reviews (id, customer_id, gig_id, content, rating) values (98, 221, 24, 'montes nascetur ridiculus mus etiam vel augue vestibulum rutrum rutrum neque aenean auctor gravida sem praesent id massa id nisl venenatis lacinia aenean sit amet justo morbi ut odio cras mi pede malesuada in imperdiet et commodo vulputate justo in blandit ultrices enim lorem ipsum dolor sit amet consectetuer adipiscing elit proin interdum mauris non ligula pellentesque ultrices phasellus id sapien in sapien iaculis congue vivamus metus arcu adipiscing molestie hendrerit at vulputate vitae nisl aenean lectus pellentesque eget nunc donec quis orci eget orci vehicula condimentum curabitur in libero ut massa volutpat convallis morbi odio odio elementum eu', 8);
insert into reviews (id, customer_id, gig_id, content, rating) values (99, 29, 61, 'sed ante vivamus tortor duis mattis egestas metus aenean fermentum donec ut mauris eget massa tempor convallis nulla neque libero convallis eget eleifend luctus ultricies eu nibh quisque id justo sit amet sapien dignissim vestibulum vestibulum ante ipsum primis in faucibus orci luctus et ultrices posuere cubilia curae nulla dapibus dolor vel est donec odio justo sollicitudin ut suscipit a feugiat et eros vestibulum ac est lacinia nisi venenatis tristique fusce congue diam id ornare imperdiet sapien urna pretium nisl ut volutpat sapien arcu sed augue aliquam erat volutpat in congue etiam justo etiam pretium iaculis justo in hac habitasse platea dictumst etiam faucibus cursus urna ut tellus nulla ut erat id mauris vulputate elementum nullam varius nulla facilisi cras non velit nec nisi vulputate nonummy maecenas tincidunt lacus at velit vivamus vel nulla eget eros elementum pellentesque quisque porta volutpat erat quisque erat eros viverra eget congue eget semper rutrum nulla nunc purus phasellus in felis donec semper sapien a libero nam', 7);
insert into reviews (id, customer_id, gig_id, content, rating) values (100, 237, 26, 'justo in blandit ultrices enim lorem ipsum dolor sit amet consectetuer adipiscing elit proin interdum mauris non ligula pellentesque ultrices phasellus id sapien in sapien iaculis congue vivamus metus arcu adipiscing molestie hendrerit at vulputate vitae nisl aenean lectus pellentesque eget nunc donec quis orci eget orci vehicula condimentum curabitur in libero ut massa volutpat convallis morbi odio odio elementum eu interdum eu tincidunt in leo maecenas pulvinar lobortis est phasellus sit amet erat nulla tempus vivamus in felis eu sapien cursus vestibulum proin eu mi nulla ac enim in tempor turpis nec euismod scelerisque quam turpis adipiscing lorem vitae mattis nibh ligula nec sem duis aliquam convallis nunc proin at turpis a pede posuere nonummy integer non velit donec diam neque vestibulum eget vulputate ut ultrices vel augue vestibulum ante ipsum primis in faucibus orci luctus et ultrices posuere cubilia curae donec pharetra magna vestibulum aliquet ultrices erat tortor sollicitudin', 1);


insert into orders (id, customer_id, order_date) values (1, 113, '3/11/2020');
insert into orders (id, customer_id, order_date) values (2, 38, '9/12/2019');
insert into orders (id, customer_id, order_date) values (3, 238, '2/6/2020');
insert into orders (id, customer_id, order_date) values (4, 26, '2/3/2020');
insert into orders (id, customer_id, order_date) values (5, 208, '1/8/2020');
insert into orders (id, customer_id, order_date) values (6, 50, '8/10/2019');
insert into orders (id, customer_id, order_date) values (7, 135, '8/23/2019');
insert into orders (id, customer_id, order_date) values (8, 20, '7/6/2019');
insert into orders (id, customer_id, order_date) values (9, 157, '4/11/2019');
insert into orders (id, customer_id, order_date) values (10, 51, '5/7/2019');
insert into orders (id, customer_id, order_date) values (11, 221, '2/14/2020');
insert into orders (id, customer_id, order_date) values (12, 215, '10/9/2019');
insert into orders (id, customer_id, order_date) values (13, 99, '12/8/2019');
insert into orders (id, customer_id, order_date) values (14, 122, '10/1/2019');
insert into orders (id, customer_id, order_date) values (15, 225, '4/4/2019');
insert into orders (id, customer_id, order_date) values (16, 4, '3/29/2019');
insert into orders (id, customer_id, order_date) values (17, 8, '12/2/2019');
insert into orders (id, customer_id, order_date) values (18, 93, '3/8/2020');
insert into orders (id, customer_id, order_date) values (19, 45, '10/31/2019');
insert into orders (id, customer_id, order_date) values (20, 185, '2/19/2020');
insert into orders (id, customer_id, order_date) values (21, 242, '4/1/2019');
insert into orders (id, customer_id, order_date) values (22, 178, '10/13/2019');
insert into orders (id, customer_id, order_date) values (23, 222, '2/14/2020');
insert into orders (id, customer_id, order_date) values (24, 179, '1/11/2020');
insert into orders (id, customer_id, order_date) values (25, 196, '7/15/2019');
insert into orders (id, customer_id, order_date) values (26, 221, '7/26/2019');
insert into orders (id, customer_id, order_date) values (27, 173, '11/13/2019');
insert into orders (id, customer_id, order_date) values (28, 246, '10/11/2019');
insert into orders (id, customer_id, order_date) values (29, 2, '6/2/2019');
insert into orders (id, customer_id, order_date) values (30, 52, '4/19/2019');
insert into orders (id, customer_id, order_date) values (31, 223, '6/15/2019');
insert into orders (id, customer_id, order_date) values (32, 232, '12/22/2019');
insert into orders (id, customer_id, order_date) values (33, 68, '7/12/2019');
insert into orders (id, customer_id, order_date) values (34, 156, '12/29/2019');
insert into orders (id, customer_id, order_date) values (35, 229, '1/5/2020');
insert into orders (id, customer_id, order_date) values (36, 32, '9/24/2019');
insert into orders (id, customer_id, order_date) values (37, 130, '8/12/2019');
insert into orders (id, customer_id, order_date) values (38, 69, '9/27/2019');
insert into orders (id, customer_id, order_date) values (39, 90, '9/2/2019');
insert into orders (id, customer_id, order_date) values (40, 211, '9/7/2019');
insert into orders (id, customer_id, order_date) values (41, 30, '10/21/2019');
insert into orders (id, customer_id, order_date) values (42, 162, '4/9/2019');
insert into orders (id, customer_id, order_date) values (43, 72, '3/30/2019');
insert into orders (id, customer_id, order_date) values (44, 75, '9/30/2019');
insert into orders (id, customer_id, order_date) values (45, 98, '10/3/2019');
insert into orders (id, customer_id, order_date) values (46, 106, '3/21/2019');
insert into orders (id, customer_id, order_date) values (47, 22, '2/24/2020');
insert into orders (id, customer_id, order_date) values (48, 3, '1/28/2020');
insert into orders (id, customer_id, order_date) values (49, 99, '12/28/2019');
insert into orders (id, customer_id, order_date) values (50, 219, '7/3/2019');
insert into orders (id, customer_id, order_date) values (51, 99, '10/10/2019');
insert into orders (id, customer_id, order_date) values (52, 138, '5/7/2019');
insert into orders (id, customer_id, order_date) values (53, 108, '11/5/2019');
insert into orders (id, customer_id, order_date) values (54, 126, '8/24/2019');
insert into orders (id, customer_id, order_date) values (55, 191, '5/16/2019');
insert into orders (id, customer_id, order_date) values (56, 31, '7/8/2019');
insert into orders (id, customer_id, order_date) values (57, 109, '9/5/2019');
insert into orders (id, customer_id, order_date) values (58, 171, '1/5/2020');
insert into orders (id, customer_id, order_date) values (59, 108, '6/8/2019');
insert into orders (id, customer_id, order_date) values (60, 147, '2/17/2020');
insert into orders (id, customer_id, order_date) values (61, 141, '6/5/2019');
insert into orders (id, customer_id, order_date) values (62, 210, '1/21/2020');
insert into orders (id, customer_id, order_date) values (63, 56, '10/7/2019');
insert into orders (id, customer_id, order_date) values (64, 43, '12/12/2019');
insert into orders (id, customer_id, order_date) values (65, 188, '2/27/2020');
insert into orders (id, customer_id, order_date) values (66, 83, '4/17/2019');
insert into orders (id, customer_id, order_date) values (67, 22, '12/16/2019');
insert into orders (id, customer_id, order_date) values (68, 225, '6/20/2019');
insert into orders (id, customer_id, order_date) values (69, 26, '2/10/2020');
insert into orders (id, customer_id, order_date) values (70, 101, '5/13/2019');
insert into orders (id, customer_id, order_date) values (71, 36, '5/22/2019');
insert into orders (id, customer_id, order_date) values (72, 113, '4/25/2019');
insert into orders (id, customer_id, order_date) values (73, 117, '8/31/2019');
insert into orders (id, customer_id, order_date) values (74, 144, '2/18/2020');
insert into orders (id, customer_id, order_date) values (75, 152, '8/9/2019');
insert into orders (id, customer_id, order_date) values (76, 126, '8/29/2019');
insert into orders (id, customer_id, order_date) values (77, 238, '1/26/2020');
insert into orders (id, customer_id, order_date) values (78, 34, '9/15/2019');
insert into orders (id, customer_id, order_date) values (79, 75, '4/28/2019');
insert into orders (id, customer_id, order_date) values (80, 64, '1/15/2020');
insert into orders (id, customer_id, order_date) values (81, 69, '6/24/2019');
insert into orders (id, customer_id, order_date) values (82, 222, '1/7/2020');
insert into orders (id, customer_id, order_date) values (83, 21, '3/15/2020');
insert into orders (id, customer_id, order_date) values (84, 52, '8/30/2019');
insert into orders (id, customer_id, order_date) values (85, 198, '7/15/2019');
insert into orders (id, customer_id, order_date) values (86, 181, '4/7/2019');
insert into orders (id, customer_id, order_date) values (87, 191, '10/14/2019');
insert into orders (id, customer_id, order_date) values (88, 190, '1/15/2020');
insert into orders (id, customer_id, order_date) values (89, 54, '9/15/2019');
insert into orders (id, customer_id, order_date) values (90, 131, '6/6/2019');
insert into orders (id, customer_id, order_date) values (91, 133, '8/12/2019');
insert into orders (id, customer_id, order_date) values (92, 204, '11/24/2019');
insert into orders (id, customer_id, order_date) values (93, 92, '12/28/2019');
insert into orders (id, customer_id, order_date) values (94, 129, '7/21/2019');
insert into orders (id, customer_id, order_date) values (95, 242, '5/11/2019');
insert into orders (id, customer_id, order_date) values (96, 113, '5/9/2019');
insert into orders (id, customer_id, order_date) values (97, 223, '6/12/2019');
insert into orders (id, customer_id, order_date) values (98, 7, '9/17/2019');
insert into orders (id, customer_id, order_date) values (99, 18, '1/29/2020');
insert into orders (id, customer_id, order_date) values (100, 54, '1/3/2020');

insert into payment_methods (id, method_name) values (1, 'ut erat curabitur gravida nisi at nibh in');
insert into payment_methods (id, method_name) values (2, 'luctus et ultrices posuere cubilia');
insert into payment_methods (id, method_name) values (3, 'eros viverra eget congue eget semper rutrum');
insert into payment_methods (id, method_name) values (4, 'neque duis bibendum morbi non quam nec dui luctus');
insert into payment_methods (id, method_name) values (5, 'mi sit amet lobortis sapien sapien non');
insert into payment_methods (id, method_name) values (6, 'erat id mauris vulputate');
insert into payment_methods (id, method_name) values (7, 'magnis');
insert into payment_methods (id, method_name) values (8, 'curabitur in libero ut massa volutpat');
insert into payment_methods (id, method_name) values (9, 'sem fusce consequat');
insert into payment_methods (id, method_name) values (10, 'pharetra magna');
insert into payment_methods (id, method_name) values (11, 'augue aliquam erat volutpat in congue etiam justo');
insert into payment_methods (id, method_name) values (12, 'placerat ante nulla justo');
insert into payment_methods (id, method_name) values (13, 'aliquam quis');

insert into invoices (id, payment_method_id, payment_date, billing_address) values (1, 7, '5/3/2003', '75613 Acker Junction');
insert into invoices (id, payment_method_id, payment_date, billing_address) values (2, 8, '11/10/2017', '52 Esker Way');
insert into invoices (id, payment_method_id, payment_date, billing_address) values (3, 10, '11/9/2016', '647 Meadow Ridge Terrace');
insert into invoices (id, payment_method_id, payment_date, billing_address) values (4, 13, '2/4/2004', '89 Brentwood Alley');
insert into invoices (id, payment_method_id, payment_date, billing_address) values (5, 5, '12/17/2017', '46052 Moland Drive');
insert into invoices (id, payment_method_id, payment_date, billing_address) values (6, 9, '9/25/2008', '5379 Forest Hill');
insert into invoices (id, payment_method_id, payment_date, billing_address) values (7, 11, '8/2/2010', '179 Bonner Court');
insert into invoices (id, payment_method_id, payment_date, billing_address) values (8, 1, '3/11/2001', '7 Warner Center');
insert into invoices (id, payment_method_id, payment_date, billing_address) values (9, 12, '12/28/2007', '67032 Norway Maple Court');
insert into invoices (id, payment_method_id, payment_date, billing_address) values (10, 2, '9/7/2013', '616 Mandrake Park');
insert into invoices (id, payment_method_id, payment_date, billing_address) values (11, 11, '9/14/2015', '6594 Bartelt Court');
insert into invoices (id, payment_method_id, payment_date, billing_address) values (12, 4, '3/16/2018', '41064 Logan Trail');
insert into invoices (id, payment_method_id, payment_date, billing_address) values (13, 6, '3/20/2001', '1 Valley Edge Hill');
insert into invoices (id, payment_method_id, payment_date, billing_address) values (14, 8, '3/30/2006', '5 Londonderry Drive');
insert into invoices (id, payment_method_id, payment_date, billing_address) values (15, 3, '5/24/2001', '27650 Towne Plaza');
insert into invoices (id, payment_method_id, payment_date, billing_address) values (16, 1, '7/13/2005', '138 Thierer Circle');
insert into invoices (id, payment_method_id, payment_date, billing_address) values (17, 1, '8/10/2006', '181 Southridge Street');
insert into invoices (id, payment_method_id, payment_date, billing_address) values (18, 10, '7/1/2018', '5867 Warner Circle');
insert into invoices (id, payment_method_id, payment_date, billing_address) values (19, 8, '7/21/2017', '7 Amoth Road');
insert into invoices (id, payment_method_id, payment_date, billing_address) values (20, 6, '3/5/2008', '74580 Hayes Court');
insert into invoices (id, payment_method_id, payment_date, billing_address) values (21, 1, '3/15/2008', '564 Bellgrove Way');
insert into invoices (id, payment_method_id, payment_date, billing_address) values (22, 12, '4/26/2009', '1325 Scofield Park');
insert into invoices (id, payment_method_id, payment_date, billing_address) values (23, 6, '5/17/2018', '1353 Stone Corner Avenue');
insert into invoices (id, payment_method_id, payment_date, billing_address) values (24, 3, '1/11/2010', '3 Cody Alley');
insert into invoices (id, payment_method_id, payment_date, billing_address) values (25, 9, '5/7/2017', '8 Mifflin Street');
insert into invoices (id, payment_method_id, payment_date, billing_address) values (26, 5, '2/18/2017', '18935 Ryan Center');
insert into invoices (id, payment_method_id, payment_date, billing_address) values (27, 9, '2/14/2013', '750 Buena Vista Crossing');
insert into invoices (id, payment_method_id, payment_date, billing_address) values (28, 11, '6/11/2007', '366 Prairieview Court');
insert into invoices (id, payment_method_id, payment_date, billing_address) values (29, 2, '10/22/2011', '16 Glacier Hill Junction');
insert into invoices (id, payment_method_id, payment_date, billing_address) values (30, 4, '8/4/2015', '81354 Jenna Junction');
insert into invoices (id, payment_method_id, payment_date, billing_address) values (31, 5, '11/15/2015', '9115 Pierstorff Hill');
insert into invoices (id, payment_method_id, payment_date, billing_address) values (32, 5, '10/30/2006', '2451 Sachs Center');
insert into invoices (id, payment_method_id, payment_date, billing_address) values (33, 7, '1/12/2009', '403 Springs Pass');
insert into invoices (id, payment_method_id, payment_date, billing_address) values (34, 4, '9/26/2008', '577 Red Cloud Parkway');
insert into invoices (id, payment_method_id, payment_date, billing_address) values (35, 7, '12/4/2019', '315 Vidon Road');
insert into invoices (id, payment_method_id, payment_date, billing_address) values (36, 4, '10/29/2006', '0668 Dennis Alley');
insert into invoices (id, payment_method_id, payment_date, billing_address) values (37, 7, '2/1/2006', '30202 Emmet Drive');
insert into invoices (id, payment_method_id, payment_date, billing_address) values (38, 4, '5/19/2017', '9196 Green Point');
insert into invoices (id, payment_method_id, payment_date, billing_address) values (39, 7, '4/16/2008', '47659 Forest Avenue');
insert into invoices (id, payment_method_id, payment_date, billing_address) values (40, 11, '4/5/2005', '83 Shoshone Plaza');
insert into invoices (id, payment_method_id, payment_date, billing_address) values (41, 11, '6/21/2014', '779 Surrey Place');
insert into invoices (id, payment_method_id, payment_date, billing_address) values (42, 13, '4/12/2000', '3591 Sugar Junction');
insert into invoices (id, payment_method_id, payment_date, billing_address) values (43, 6, '6/22/2018', '98163 Westport Pass');
insert into invoices (id, payment_method_id, payment_date, billing_address) values (44, 3, '4/5/2017', '9746 Montana Plaza');
insert into invoices (id, payment_method_id, payment_date, billing_address) values (45, 10, '11/4/2019', '0 Glacier Hill Avenue');
insert into invoices (id, payment_method_id, payment_date, billing_address) values (46, 5, '9/18/2006', '0407 Petterle Drive');
insert into invoices (id, payment_method_id, payment_date, billing_address) values (47, 3, '8/26/2015', '2241 Mayfield Plaza');
insert into invoices (id, payment_method_id, payment_date, billing_address) values (48, 3, '11/30/2015', '9230 Quincy Terrace');
insert into invoices (id, payment_method_id, payment_date, billing_address) values (49, 13, '10/10/2017', '49 Norway Maple Hill');
insert into invoices (id, payment_method_id, payment_date, billing_address) values (50, 13, '7/12/2010', '0247 Cottonwood Crossing');
insert into invoices (id, payment_method_id, payment_date, billing_address) values (51, 11, '8/16/2014', '05806 Eagle Crest Trail');
insert into invoices (id, payment_method_id, payment_date, billing_address) values (52, 10, '7/5/2009', '179 Kim Street');
insert into invoices (id, payment_method_id, payment_date, billing_address) values (53, 1, '2/2/2018', '358 Hooker Court');
insert into invoices (id, payment_method_id, payment_date, billing_address) values (54, 6, '10/9/2008', '54 Fordem Junction');
insert into invoices (id, payment_method_id, payment_date, billing_address) values (55, 7, '4/20/2008', '78 International Point');
insert into invoices (id, payment_method_id, payment_date, billing_address) values (56, 9, '6/19/2014', '144 Prentice Crossing');
insert into invoices (id, payment_method_id, payment_date, billing_address) values (57, 12, '3/17/2016', '94 Toban Terrace');
insert into invoices (id, payment_method_id, payment_date, billing_address) values (58, 7, '2/8/2019', '53092 Cody Drive');
insert into invoices (id, payment_method_id, payment_date, billing_address) values (59, 5, '7/29/2016', '6089 Pankratz Terrace');
insert into invoices (id, payment_method_id, payment_date, billing_address) values (60, 11, '8/14/2019', '43 Sunbrook Point');
insert into invoices (id, payment_method_id, payment_date, billing_address) values (61, 10, '1/22/2018', '564 Twin Pines Pass');
insert into invoices (id, payment_method_id, payment_date, billing_address) values (62, 1, '6/6/2004', '212 Autumn Leaf Pass');
insert into invoices (id, payment_method_id, payment_date, billing_address) values (63, 1, '12/17/2018', '95 Golf Park');
insert into invoices (id, payment_method_id, payment_date, billing_address) values (64, 4, '6/11/2004', '8039 Hermina Parkway');
insert into invoices (id, payment_method_id, payment_date, billing_address) values (65, 13, '6/2/2017', '511 Fieldstone Point');
insert into invoices (id, payment_method_id, payment_date, billing_address) values (66, 4, '6/25/2016', '10910 Autumn Leaf Way');
insert into invoices (id, payment_method_id, payment_date, billing_address) values (67, 11, '7/21/2015', '15 Kropf Lane');
insert into invoices (id, payment_method_id, payment_date, billing_address) values (68, 7, '5/8/2000', '7638 North Circle');
insert into invoices (id, payment_method_id, payment_date, billing_address) values (69, 4, '12/22/2004', '56 Butternut Alley');
insert into invoices (id, payment_method_id, payment_date, billing_address) values (70, 8, '4/30/2002', '3126 Stone Corner Pass');
insert into invoices (id, payment_method_id, payment_date, billing_address) values (71, 7, '2/19/2008', '01 Starling Avenue');
insert into invoices (id, payment_method_id, payment_date, billing_address) values (72, 13, '8/18/2002', '30915 Moland Parkway');
insert into invoices (id, payment_method_id, payment_date, billing_address) values (73, 11, '3/16/2003', '85279 Haas Park');
insert into invoices (id, payment_method_id, payment_date, billing_address) values (74, 5, '4/22/2001', '0 Lindbergh Center');
insert into invoices (id, payment_method_id, payment_date, billing_address) values (75, 9, '1/9/2017', '32 Everett Avenue');
insert into invoices (id, payment_method_id, payment_date, billing_address) values (76, 7, '8/1/2011', '436 Petterle Center');
insert into invoices (id, payment_method_id, payment_date, billing_address) values (77, 4, '8/24/2012', '0 Moose Lane');
insert into invoices (id, payment_method_id, payment_date, billing_address) values (78, 1, '12/10/2019', '8 Alpine Road');
insert into invoices (id, payment_method_id, payment_date, billing_address) values (79, 3, '11/20/2015', '54 Nancy Point');
insert into invoices (id, payment_method_id, payment_date, billing_address) values (80, 4, '8/15/2000', '80463 Maple Wood Point');
insert into invoices (id, payment_method_id, payment_date, billing_address) values (81, 12, '2/10/2011', '4296 Shelley Plaza');
insert into invoices (id, payment_method_id, payment_date, billing_address) values (82, 6, '2/19/2002', '954 Ilene Lane');
insert into invoices (id, payment_method_id, payment_date, billing_address) values (83, 7, '1/26/2008', '0 7th Way');
insert into invoices (id, payment_method_id, payment_date, billing_address) values (84, 5, '11/30/2011', '5137 Steensland Way');
insert into invoices (id, payment_method_id, payment_date, billing_address) values (85, 9, '12/9/2016', '13493 Clarendon Parkway');
insert into invoices (id, payment_method_id, payment_date, billing_address) values (86, 4, '4/3/2018', '28 Valley Edge Plaza');
insert into invoices (id, payment_method_id, payment_date, billing_address) values (87, 8, '10/3/2019', '4156 Almo Lane');
insert into invoices (id, payment_method_id, payment_date, billing_address) values (88, 7, '9/10/2018', '35 Pepper Wood Place');
insert into invoices (id, payment_method_id, payment_date, billing_address) values (89, 5, '8/30/2009', '7 Nevada Terrace');
insert into invoices (id, payment_method_id, payment_date, billing_address) values (90, 1, '10/1/2018', '52 Meadow Valley Avenue');
insert into invoices (id, payment_method_id, payment_date, billing_address) values (91, 9, '5/31/2013', '0224 John Wall Place');
insert into invoices (id, payment_method_id, payment_date, billing_address) values (92, 11, '6/29/2011', '863 Sage Crossing');
insert into invoices (id, payment_method_id, payment_date, billing_address) values (93, 5, '5/22/2005', '0 Doe Crossing Park');
insert into invoices (id, payment_method_id, payment_date, billing_address) values (94, 9, '10/1/2007', '101 Crowley Way');
insert into invoices (id, payment_method_id, payment_date, billing_address) values (95, 8, '11/2/2003', '2653 Corscot Court');
insert into invoices (id, payment_method_id, payment_date, billing_address) values (96, 8, '4/9/2011', '28437 Oak Valley Point');
insert into invoices (id, payment_method_id, payment_date, billing_address) values (97, 8, '4/13/2014', '1187 Michigan Park');
insert into invoices (id, payment_method_id, payment_date, billing_address) values (98, 5, '1/23/2005', '487 Jay Alley');
insert into invoices (id, payment_method_id, payment_date, billing_address) values (99, 1, '9/2/2014', '168 6th Plaza');
insert into invoices (id, payment_method_id, payment_date, billing_address) values (100, 12, '7/27/2005', '4 Lukken Road');
insert into invoices (id, payment_method_id, payment_date, billing_address) values (101, 8, '3/24/2011', '5 Lawn Alley');
insert into invoices (id, payment_method_id, payment_date, billing_address) values (102, 5, '4/27/2004', '9 Butterfield Drive');
insert into invoices (id, payment_method_id, payment_date, billing_address) values (103, 10, '2/27/2003', '7228 Paget Point');
insert into invoices (id, payment_method_id, payment_date, billing_address) values (104, 9, '9/20/2007', '206 Onsgard Pass');
insert into invoices (id, payment_method_id, payment_date, billing_address) values (105, 9, '7/22/2004', '2 Lakewood Gardens Hill');
insert into invoices (id, payment_method_id, payment_date, billing_address) values (106, 12, '1/5/2003', '63437 Westerfield Plaza');
insert into invoices (id, payment_method_id, payment_date, billing_address) values (107, 1, '5/26/2017', '58224 Thierer Lane');
insert into invoices (id, payment_method_id, payment_date, billing_address) values (108, 12, '12/20/2010', '84 Nova Road');
insert into invoices (id, payment_method_id, payment_date, billing_address) values (109, 4, '6/12/2001', '0865 Oriole Lane');
insert into invoices (id, payment_method_id, payment_date, billing_address) values (110, 9, '3/16/2018', '0 Dovetail Junction');
insert into invoices (id, payment_method_id, payment_date, billing_address) values (111, 1, '5/14/2001', '390 Almo Alley');
insert into invoices (id, payment_method_id, payment_date, billing_address) values (112, 13, '9/23/2014', '32 Granby Way');
insert into invoices (id, payment_method_id, payment_date, billing_address) values (113, 11, '1/24/2015', '80608 Doe Crossing Place');
insert into invoices (id, payment_method_id, payment_date, billing_address) values (114, 7, '6/24/2009', '9 Bay Place');
insert into invoices (id, payment_method_id, payment_date, billing_address) values (115, 5, '3/8/2007', '0 Havey Park');
insert into invoices (id, payment_method_id, payment_date, billing_address) values (116, 9, '12/26/2001', '39 Nobel Street');
insert into invoices (id, payment_method_id, payment_date, billing_address) values (117, 13, '6/19/2015', '3 Hayes Terrace');
insert into invoices (id, payment_method_id, payment_date, billing_address) values (118, 13, '2/1/2017', '694 Kipling Plaza');
insert into invoices (id, payment_method_id, payment_date, billing_address) values (119, 12, '3/6/2001', '954 Bowman Street');
insert into invoices (id, payment_method_id, payment_date, billing_address) values (120, 12, '12/10/2006', '18 Birchwood Parkway');
insert into invoices (id, payment_method_id, payment_date, billing_address) values (121, 2, '6/27/2019', '318 Norway Maple Street');
insert into invoices (id, payment_method_id, payment_date, billing_address) values (122, 1, '12/25/2015', '3562 Beilfuss Parkway');
insert into invoices (id, payment_method_id, payment_date, billing_address) values (123, 10, '11/28/2000', '54710 Reinke Street');
insert into invoices (id, payment_method_id, payment_date, billing_address) values (124, 11, '9/4/2003', '560 Express Avenue');
insert into invoices (id, payment_method_id, payment_date, billing_address) values (125, 2, '12/7/2010', '8 Burrows Avenue');
insert into invoices (id, payment_method_id, payment_date, billing_address) values (126, 11, '4/23/2014', '53 Roxbury Park');
insert into invoices (id, payment_method_id, payment_date, billing_address) values (127, 2, '1/9/2004', '1 Melvin Lane');
insert into invoices (id, payment_method_id, payment_date, billing_address) values (128, 4, '6/23/2005', '7162 Jana Crossing');
insert into invoices (id, payment_method_id, payment_date, billing_address) values (129, 3, '11/8/2017', '5499 Gerald Terrace');
insert into invoices (id, payment_method_id, payment_date, billing_address) values (130, 5, '5/31/2015', '026 Sullivan Trail');
insert into invoices (id, payment_method_id, payment_date, billing_address) values (131, 8, '1/2/2003', '033 1st Lane');
insert into invoices (id, payment_method_id, payment_date, billing_address) values (132, 7, '10/14/2015', '5948 Northwestern Terrace');
insert into invoices (id, payment_method_id, payment_date, billing_address) values (133, 8, '10/19/2018', '229 Superior Park');
insert into invoices (id, payment_method_id, payment_date, billing_address) values (134, 9, '1/20/2003', '12 Springs Plaza');
insert into invoices (id, payment_method_id, payment_date, billing_address) values (135, 12, '2/20/2011', '8386 Straubel Center');
insert into invoices (id, payment_method_id, payment_date, billing_address) values (136, 7, '3/3/2016', '326 Commercial Place');
insert into invoices (id, payment_method_id, payment_date, billing_address) values (137, 5, '9/16/2007', '074 Heffernan Terrace');
insert into invoices (id, payment_method_id, payment_date, billing_address) values (138, 11, '10/28/2000', '4 Rockefeller Lane');
insert into invoices (id, payment_method_id, payment_date, billing_address) values (139, 5, '1/21/2002', '876 Prentice Alley');
insert into invoices (id, payment_method_id, payment_date, billing_address) values (140, 2, '11/9/2017', '92 Mcguire Crossing');
insert into invoices (id, payment_method_id, payment_date, billing_address) values (141, 13, '10/8/2011', '6972 Annamark Hill');
insert into invoices (id, payment_method_id, payment_date, billing_address) values (142, 5, '10/17/2000', '49011 Warner Alley');
insert into invoices (id, payment_method_id, payment_date, billing_address) values (143, 12, '7/13/2009', '372 Dorton Pass');
insert into invoices (id, payment_method_id, payment_date, billing_address) values (144, 8, '9/14/2003', '360 Golf View Circle');
insert into invoices (id, payment_method_id, payment_date, billing_address) values (145, 9, '7/24/2014', '9 West Road');
insert into invoices (id, payment_method_id, payment_date, billing_address) values (146, 2, '1/17/2009', '883 Di Loreto Trail');
insert into invoices (id, payment_method_id, payment_date, billing_address) values (147, 6, '1/20/2010', '11952 Sunnyside Parkway');
insert into invoices (id, payment_method_id, payment_date, billing_address) values (148, 3, '3/4/2018', '0832 1st Trail');
insert into invoices (id, payment_method_id, payment_date, billing_address) values (149, 12, '3/18/2014', '148 Ruskin Crossing');
insert into invoices (id, payment_method_id, payment_date, billing_address) values (150, 5, '11/20/2011', '54620 Fuller Parkway');
insert into services (id, gig_id, invoice_id, order_id, price, description) values (1, 73, 137, 20, 160, 'nam nulla integer pede justo lacinia eget tincidunt eget tempus');
insert into services (id, gig_id, invoice_id, order_id, price, description) values (2, 13, 43, 93, 64, 'in libero ut massa volutpat convallis morbi odio');
insert into services (id, gig_id, invoice_id, order_id, price, description) values (3, 91, 97, 71, 125, 'accumsan tortor quis turpis sed ante vivamus tortor duis mattis egestas metus aenean');
insert into services (id, gig_id, invoice_id, order_id, price, description) values (4, 79, 136, 36, 138, 'semper sapien a libero nam dui proin leo odio porttitor id consequat in consequat ut nulla');
insert into services (id, gig_id, invoice_id, order_id, price, description) values (5, 26, 47, 27, 75, 'sed tincidunt eu felis fusce posuere felis sed lacus');
insert into services (id, gig_id, invoice_id, order_id, price, description) values (6, 60, 12, 30, 131, 'quisque');
insert into services (id, gig_id, invoice_id, order_id, price, description) values (7, 12, 87, 37, 53, 'in felis eu sapien cursus vestibulum proin eu mi nulla ac enim');
insert into services (id, gig_id, invoice_id, order_id, price, description) values (8, 86, 52, 2, 61, 'vestibulum ante ipsum primis in faucibus orci luctus et ultrices posuere');
insert into services (id, gig_id, invoice_id, order_id, price, description) values (9, 31, 3, 23, 121, 'in tempor');
insert into services (id, gig_id, invoice_id, order_id, price, description) values (10, 87, 129, 4, 96, 'arcu adipiscing molestie hendrerit at vulputate vitae');
insert into services (id, gig_id, invoice_id, order_id, price, description) values (11, 97, 64, 15, 72, 'sapien cursus vestibulum proin eu mi nulla ac enim in tempor turpis nec euismod scelerisque quam turpis adipiscing lorem');
insert into services (id, gig_id, invoice_id, order_id, price, description) values (12, 45, 69, 48, 138, 'semper rutrum nulla');
insert into services (id, gig_id, invoice_id, order_id, price, description) values (13, 28, 97, 40, 50, 'mattis nibh ligula nec');
insert into services (id, gig_id, invoice_id, order_id, price, description) values (14, 46, 80, 5, 14, 'mus vivamus vestibulum sagittis sapien cum sociis natoque penatibus et magnis');
insert into services (id, gig_id, invoice_id, order_id, price, description) values (15, 2, 50, 29, 162, 'habitasse platea dictumst maecenas ut massa quis augue luctus tincidunt nulla mollis molestie lorem');
insert into services (id, gig_id, invoice_id, order_id, price, description) values (16, 54, 17, 62, 152, 'ligula nec sem duis aliquam convallis nunc proin at turpis a pede posuere nonummy integer non');
insert into services (id, gig_id, invoice_id, order_id, price, description) values (17, 19, 143, 29, 170, 'eget nunc donec quis orci');
insert into services (id, gig_id, invoice_id, order_id, price, description) values (18, 21, 100, 86, 116, 'porttitor id consequat in consequat ut nulla sed accumsan felis ut');
insert into services (id, gig_id, invoice_id, order_id, price, description) values (19, 49, 113, 46, 61, 'bibendum felis');
insert into services (id, gig_id, invoice_id, order_id, price, description) values (20, 97, 117, 83, 191, 'nunc purus phasellus in');
insert into services (id, gig_id, invoice_id, order_id, price, description) values (21, 66, 39, 8, 143, 'rhoncus mauris enim');
insert into services (id, gig_id, invoice_id, order_id, price, description) values (22, 64, 42, 44, 26, 'risus semper porta volutpat quam pede lobortis ligula sit amet eleifend');
insert into services (id, gig_id, invoice_id, order_id, price, description) values (23, 45, 47, 88, 173, 'eget tempus vel pede morbi porttitor');
insert into services (id, gig_id, invoice_id, order_id, price, description) values (24, 58, 133, 34, 150, 'ullamcorper purus sit amet nulla quisque arcu libero rutrum ac lobortis vel');
insert into services (id, gig_id, invoice_id, order_id, price, description) values (25, 53, 103, 59, 68, 'vestibulum vestibulum ante ipsum primis in faucibus orci');
insert into services (id, gig_id, invoice_id, order_id, price, description) values (26, 46, 119, 67, 13, 'faucibus orci luctus et ultrices');
insert into services (id, gig_id, invoice_id, order_id, price, description) values (27, 60, 140, 37, 195, 'cras non velit nec nisi vulputate nonummy maecenas tincidunt lacus at velit vivamus vel nulla');
insert into services (id, gig_id, invoice_id, order_id, price, description) values (28, 93, 127, 7, 128, 'justo morbi ut odio cras mi pede');
insert into services (id, gig_id, invoice_id, order_id, price, description) values (29, 47, 8, 17, 200, 'orci vehicula condimentum curabitur in libero ut massa');
insert into services (id, gig_id, invoice_id, order_id, price, description) values (30, 58, 111, 49, 87, 'odio in hac habitasse platea');
insert into services (id, gig_id, invoice_id, order_id, price, description) values (31, 100, 97, 59, 160, 'ipsum primis in faucibus orci');
insert into services (id, gig_id, invoice_id, order_id, price, description) values (32, 31, 141, 11, 84, 'nisl aenean lectus pellentesque eget nunc donec quis orci eget orci vehicula condimentum curabitur in libero ut massa volutpat');
insert into services (id, gig_id, invoice_id, order_id, price, description) values (33, 23, 26, 87, 156, 'phasellus id sapien in sapien');
insert into services (id, gig_id, invoice_id, order_id, price, description) values (34, 12, 106, 34, 181, 'mauris non');
insert into services (id, gig_id, invoice_id, order_id, price, description) values (35, 66, 60, 67, 133, 'sit amet nunc viverra dapibus nulla suscipit ligula in lacus');
insert into services (id, gig_id, invoice_id, order_id, price, description) values (36, 10, 75, 82, 182, 'mauris');
insert into services (id, gig_id, invoice_id, order_id, price, description) values (37, 40, 150, 9, 182, 'a pede posuere nonummy integer non velit donec diam neque vestibulum eget');
insert into services (id, gig_id, invoice_id, order_id, price, description) values (38, 77, 125, 12, 174, 'ut erat curabitur gravida nisi at');
insert into services (id, gig_id, invoice_id, order_id, price, description) values (39, 40, 8, 45, 117, 'tincidunt lacus at velit vivamus vel');
insert into services (id, gig_id, invoice_id, order_id, price, description) values (40, 61, 133, 36, 87, 'montes nascetur ridiculus mus vivamus vestibulum sagittis sapien cum sociis natoque penatibus et magnis dis');
insert into services (id, gig_id, invoice_id, order_id, price, description) values (41, 1, 94, 49, 55, 'ut erat id mauris vulputate elementum nullam varius nulla');
insert into services (id, gig_id, invoice_id, order_id, price, description) values (42, 50, 35, 96, 24, 'dolor vel est donec');
insert into services (id, gig_id, invoice_id, order_id, price, description) values (43, 50, 47, 50, 70, 'consequat varius integer ac leo pellentesque ultrices mattis odio donec vitae nisi nam ultrices libero non mattis pulvinar nulla pede');
insert into services (id, gig_id, invoice_id, order_id, price, description) values (44, 81, 146, 99, 69, 'tempor convallis nulla neque libero convallis eget eleifend luctus ultricies eu nibh');
insert into services (id, gig_id, invoice_id, order_id, price, description) values (45, 54, 13, 28, 36, 'ac');
insert into services (id, gig_id, invoice_id, order_id, price, description) values (46, 80, 143, 79, 66, 'accumsan felis ut at dolor quis odio consequat varius integer ac leo pellentesque ultrices mattis odio donec vitae nisi nam');
insert into services (id, gig_id, invoice_id, order_id, price, description) values (47, 67, 101, 90, 181, 'consequat lectus in est risus auctor sed tristique in tempus sit amet sem');
insert into services (id, gig_id, invoice_id, order_id, price, description) values (48, 70, 83, 14, 190, 'augue luctus tincidunt nulla mollis molestie lorem quisque ut erat');
insert into services (id, gig_id, invoice_id, order_id, price, description) values (49, 60, 141, 9, 124, 'luctus tincidunt nulla mollis molestie lorem quisque ut erat curabitur gravida nisi at');
insert into services (id, gig_id, invoice_id, order_id, price, description) values (50, 55, 125, 75, 83, 'sed tristique in tempus sit amet sem fusce consequat nulla nisl nunc nisl duis bibendum felis sed interdum');
insert into services (id, gig_id, invoice_id, order_id, price, description) values (51, 59, 108, 97, 94, 'parturient montes nascetur ridiculus mus etiam vel augue vestibulum rutrum rutrum neque aenean auctor');
insert into services (id, gig_id, invoice_id, order_id, price, description) values (52, 28, 58, 34, 188, 'sed nisl nunc rhoncus');
insert into services (id, gig_id, invoice_id, order_id, price, description) values (53, 35, 21, 94, 157, 'donec semper sapien a libero nam dui proin leo odio porttitor id consequat in consequat ut nulla sed accumsan');
insert into services (id, gig_id, invoice_id, order_id, price, description) values (54, 26, 28, 24, 43, 'nulla ac enim in');
insert into services (id, gig_id, invoice_id, order_id, price, description) values (55, 43, 20, 26, 168, 'congue elementum');
insert into services (id, gig_id, invoice_id, order_id, price, description) values (56, 17, 79, 100, 82, 'faucibus orci luctus et ultrices posuere cubilia curae duis faucibus accumsan');
insert into services (id, gig_id, invoice_id, order_id, price, description) values (57, 22, 40, 92, 14, 'leo odio');
insert into services (id, gig_id, invoice_id, order_id, price, description) values (58, 47, 138, 52, 76, 'porta');
insert into services (id, gig_id, invoice_id, order_id, price, description) values (59, 32, 90, 83, 186, 'semper interdum mauris ullamcorper purus sit amet nulla quisque arcu libero rutrum ac lobortis vel');
insert into services (id, gig_id, invoice_id, order_id, price, description) values (60, 53, 112, 57, 189, 'non velit nec nisi vulputate nonummy maecenas tincidunt lacus at velit vivamus vel nulla eget eros');
insert into services (id, gig_id, invoice_id, order_id, price, description) values (61, 10, 149, 44, 156, 'ultrices enim lorem ipsum dolor sit amet consectetuer adipiscing elit proin interdum mauris non ligula pellentesque ultrices phasellus id');
insert into services (id, gig_id, invoice_id, order_id, price, description) values (62, 7, 122, 29, 21, 'pede venenatis non sodales sed tincidunt eu felis fusce posuere felis sed lacus morbi sem mauris laoreet ut rhoncus aliquet');
insert into services (id, gig_id, invoice_id, order_id, price, description) values (63, 5, 29, 44, 199, 'aliquam augue quam sollicitudin vitae consectetuer eget rutrum');
insert into services (id, gig_id, invoice_id, order_id, price, description) values (64, 19, 21, 15, 12, 'ut odio cras mi pede');
insert into services (id, gig_id, invoice_id, order_id, price, description) values (65, 7, 9, 11, 62, 'luctus cum sociis natoque penatibus et magnis dis parturient montes nascetur ridiculus mus');
insert into services (id, gig_id, invoice_id, order_id, price, description) values (66, 91, 106, 27, 62, 'vel enim sit amet nunc viverra dapibus nulla');
insert into services (id, gig_id, invoice_id, order_id, price, description) values (67, 36, 3, 92, 172, 'porttitor pede justo eu massa donec dapibus duis');
insert into services (id, gig_id, invoice_id, order_id, price, description) values (68, 74, 79, 82, 158, 'sed justo pellentesque viverra pede ac diam cras pellentesque volutpat dui maecenas tristique est et');
insert into services (id, gig_id, invoice_id, order_id, price, description) values (69, 14, 133, 36, 30, 'dapibus nulla suscipit ligula in lacus curabitur at ipsum ac tellus semper interdum mauris ullamcorper purus sit amet');
insert into services (id, gig_id, invoice_id, order_id, price, description) values (70, 2, 106, 73, 124, 'aliquam lacus morbi quis tortor id nulla ultrices aliquet');
insert into services (id, gig_id, invoice_id, order_id, price, description) values (71, 62, 4, 96, 117, 'sed justo pellentesque viverra pede ac diam cras pellentesque volutpat dui maecenas tristique est et tempus semper');
insert into services (id, gig_id, invoice_id, order_id, price, description) values (72, 11, 113, 65, 162, 'quis libero nullam sit amet turpis elementum ligula vehicula consequat morbi');
insert into services (id, gig_id, invoice_id, order_id, price, description) values (73, 51, 117, 69, 136, 'varius nulla facilisi cras non velit nec nisi vulputate nonummy maecenas tincidunt lacus at velit vivamus');
insert into services (id, gig_id, invoice_id, order_id, price, description) values (74, 65, 57, 72, 127, 'et magnis dis parturient montes nascetur ridiculus');
insert into services (id, gig_id, invoice_id, order_id, price, description) values (75, 58, 44, 85, 51, 'mi integer ac neque duis bibendum morbi');
insert into services (id, gig_id, invoice_id, order_id, price, description) values (76, 64, 14, 42, 22, 'mattis egestas metus aenean fermentum donec ut mauris');
insert into services (id, gig_id, invoice_id, order_id, price, description) values (77, 80, 25, 63, 37, 'proin interdum mauris non ligula pellentesque ultrices phasellus id sapien in sapien iaculis congue vivamus metus arcu adipiscing');
insert into services (id, gig_id, invoice_id, order_id, price, description) values (78, 12, 35, 100, 180, 'nulla ultrices aliquet maecenas leo odio condimentum id');
insert into services (id, gig_id, invoice_id, order_id, price, description) values (79, 61, 45, 75, 169, 'pellentesque quisque porta volutpat erat quisque erat eros viverra eget congue eget semper rutrum nulla nunc purus phasellus');
insert into services (id, gig_id, invoice_id, order_id, price, description) values (80, 37, 39, 23, 119, 'morbi vestibulum velit id pretium');
insert into services (id, gig_id, invoice_id, order_id, price, description) values (81, 45, 51, 61, 120, 'commodo vulputate justo in blandit ultrices enim lorem ipsum dolor sit amet consectetuer');
insert into services (id, gig_id, invoice_id, order_id, price, description) values (82, 56, 65, 61, 170, 'et ultrices posuere cubilia curae donec pharetra magna vestibulum aliquet ultrices erat tortor');
insert into services (id, gig_id, invoice_id, order_id, price, description) values (83, 89, 81, 71, 33, 'dapibus augue vel accumsan tellus nisi eu orci mauris');
insert into services (id, gig_id, invoice_id, order_id, price, description) values (84, 22, 95, 28, 88, 'metus aenean fermentum donec ut mauris eget massa tempor');
insert into services (id, gig_id, invoice_id, order_id, price, description) values (85, 30, 28, 26, 142, 'libero ut massa volutpat convallis morbi odio odio elementum eu interdum eu tincidunt in leo maecenas pulvinar lobortis est');
insert into services (id, gig_id, invoice_id, order_id, price, description) values (86, 26, 123, 44, 48, 'dictumst aliquam augue quam sollicitudin vitae consectetuer eget rutrum at lorem integer tincidunt ante vel ipsum praesent blandit');
insert into services (id, gig_id, invoice_id, order_id, price, description) values (87, 90, 96, 86, 100, 'sapien ut nunc vestibulum ante ipsum primis in faucibus orci luctus et ultrices posuere cubilia curae mauris viverra diam vitae');
insert into services (id, gig_id, invoice_id, order_id, price, description) values (88, 29, 111, 38, 103, 'etiam vel augue vestibulum rutrum rutrum neque aenean auctor');
insert into services (id, gig_id, invoice_id, order_id, price, description) values (89, 31, 48, 40, 84, 'justo pellentesque viverra pede');
insert into services (id, gig_id, invoice_id, order_id, price, description) values (90, 70, 28, 16, 190, 'congue etiam justo etiam pretium');
insert into services (id, gig_id, invoice_id, order_id, price, description) values (91, 76, 139, 4, 131, 'dapibus at');
insert into services (id, gig_id, invoice_id, order_id, price, description) values (92, 80, 78, 78, 38, 'nibh in lectus pellentesque at nulla suspendisse potenti cras in purus eu');
insert into services (id, gig_id, invoice_id, order_id, price, description) values (93, 94, 84, 9, 98, 'nulla sed accumsan felis ut at dolor quis odio consequat varius integer ac leo pellentesque ultrices mattis odio donec vitae');
insert into services (id, gig_id, invoice_id, order_id, price, description) values (94, 89, 145, 33, 159, 'lacus at turpis donec posuere metus vitae ipsum aliquam non mauris morbi non lectus aliquam sit amet diam in');
insert into services (id, gig_id, invoice_id, order_id, price, description) values (95, 54, 57, 40, 95, 'nonummy integer non velit donec diam');
insert into services (id, gig_id, invoice_id, order_id, price, description) values (96, 16, 56, 45, 30, 'tristique fusce congue diam id ornare imperdiet sapien urna');
insert into services (id, gig_id, invoice_id, order_id, price, description) values (97, 43, 136, 92, 181, 'molestie lorem quisque ut erat curabitur gravida nisi at nibh in hac habitasse platea dictumst');
insert into services (id, gig_id, invoice_id, order_id, price, description) values (98, 5, 56, 59, 176, 'rutrum neque aenean auctor gravida sem praesent id massa id nisl');
insert into services (id, gig_id, invoice_id, order_id, price, description) values (99, 25, 77, 60, 81, 'quisque porta volutpat erat quisque erat eros viverra eget congue eget');
insert into services (id, gig_id, invoice_id, order_id, price, description) values (100, 16, 90, 9, 117, 'in purus eu');



/*copy users(name,surname,email,password,registration_date) from 'C:\Users\drnck\Desktop\workspace\projektDBS\dbs\fake.csv' delimiter ',' csv;